code,name,sector_name,operating_margin,operating_margin_pct,revenue,revenue_pct,debt_ratio,debt_ratio_pct,current_ratio,current_ratio_pct,company_score
005930,삼성전자,전기전자,52.18232569465084,98.4,171499470000000.0,100.0,31.10095471631653,85.9,282.9667380301115,79.7,95.9
000660,SK하이닉스,전기전자,76.32824654086185,100.0,79318746000000.0,98.4,32.80213451105789,82.8,259.1496785994389,78.1,95.7
402340,SK스퀘어,금융,5854.660339857982,100.0,328549000000.0,40.8,6.615386726821073,97.4,243.54680548239963,75.0,79.9
009150,삼성전기,전기전자,12.737721239568408,81.2,3457204820043.0,87.5,57.33450991058587,68.8,168.92929943158944,59.4,79.9
373220,LG에너지솔루션,전기전자,1.4986543432630328,32.8,7560249000000.0,95.3,157.13539274935843,18.8,121.91562281311886,31.2,49.7
005380,현대차,운송장비·부품,5.792683125062176,58.0,49215328000000.0,100.0,191.332538673571,26.0,132.84989896789932,58.0,66.8
207940,삼성바이오로직스,제약,44.39692763800184,100.0,1320910867803.0,97.9,51.31233336992261,61.7,179.7330212078551,66.0,92.1
028260,삼성물산,유통,8.601344110257862,72.3,11995055624406.0,99.0,44.02463144753447,66.3,150.01639217514423,56.4,78.3
012450,한화에어로스페이스,운송장비·부품,14.693901398066544,92.0,9292863597000.0,94.0,190.2684391147644,30.0,107.9074562536498,38.0,80.8
034020,두산에너빌리티,기계·장비,6.651275565059998,40.7,4724808000000.0,100.0,136.4329703833337,40.7,103.27109802227164,22.2,57.0
000270,기아,운송장비·부품,7.956396234470657,70.0,33037055000000.0,98.0,65.14242647725813,68.0,151.5040403162205,60.0,77.4
329180,HD현대중공업,운송장비·부품,16.423123245938008,96.0,6332155044000.0,92.0,178.59669567818236,32.0,103.91008815603492,32.0,82.0
006400,삼성SDI,전기전자,5.406870779652186,57.8,3768808123247.0,89.1,77.453798553806,59.4,76.69222596372911,9.4,63.5
068270,셀트리온,제약,32.416870703075986,95.7,1393692794953.0,100.0,31.33280576768509,85.1,136.41757664546932,53.2,92.3
034730,SK,금융,11.49266287531802,56.6,42124676000000.0,100.0,107.91831592914691,36.8,111.11621542609424,32.9,65.3
012330,현대모비스,운송장비·부품,5.97351399376748,60.0,16324696000000.0,96.0,45.99329514847874,76.0,211.01751707848945,70.0,73.5
066570,LG전자,전기전자,6.627427951134007,62.5,23826468000000.0,96.9,130.89494569381472,29.7,130.5983241141,40.6,67.1
035420,NAVER,IT 서비스,15.353992795953426,74.8,3388755080295.0,98.7,43.915495588326856,51.7,148.67445453545614,27.2,75.4
010120,LS ELECTRIC,전기전자,11.320249224923089,76.6,1576997715527.0,84.4,172.12073900147675,12.5,151.1078263595648,46.9,68.9
267260,HD현대일렉트릭,전기전자,25.13848982050116,92.2,1141812823338.0,79.7,143.1837342684831,26.6,127.95349511466452,37.5,76.2
298040,효성중공업,전기전자,15.666262888780006,82.8,1686977905843.0,85.9,213.5101575763765,7.8,94.41044047297268,14.1,69.2
005490,POSCO홀딩스,금속,4.252697125822862,47.2,19258684353345.0,100.0,70.99013062722516,58.5,198.28957849145,69.8,66.2
042660,한화오션,운송장비·부품,13.523616575913255,88.0,5443171479056.0,90.0,167.6091749971482,40.0,121.2726437471474,48.0,79.6
010130,고려아연,금속,9.213088974757836,83.0,6372601096848.0,98.1,95.9774330630851,45.3,133.22582186655822,43.4,79.8
009540,HD한국조선해양,금융,18.428787015264465,75.0,8927046477000.0,94.7,146.90887375528894,18.4,121.24820821380388,42.1,71.5
096770,SK이노베이션,화학,11.960324843226138,75.0,29157205316000.0,100.0,169.7285242457454,14.6,108.01462021650424,26.0,71.3
196170,알테오젠,일반서비스,49.61257742561319,100.0,68894335061.0,65.9,35.20587840989141,73.8,276.343597810746,66.7,84.0
015760,한국전력,전기·가스,5.1487733025434,80.0,21918852000000.0,100.0,406.4332446391813,10.0,44.30787030570488,10.0,72.0
042700,한미반도체,기계·장비,51.89728499273561,100.0,251163039356.0,74.1,18.03146461388692,96.3,375.3281145441165,92.6,91.2
017670,SK텔레콤,통신,12.9854461641589,72.7,4359057000000.0,90.9,109.2943084410654,45.5,124.71095107655654,45.5,72.7
011200,HMM,운송·창고,10.409216317858556,88.0,3401966000000.0,92.0,29.42272364999844,92.0,460.1783414558713,100.0,90.6
051910,LG화학,화학,4.229628860980336,22.9,14175901000000.0,97.9,129.60438459490524,25.0,135.94404996398433,46.9,47.6
000150,두산,전기전자,8.743522145049171,68.8,5586147000000.0,92.2,161.2977281409578,14.1,107.69028228183014,23.4,65.6
018260,삼성에스디에스,IT 서비스,6.235060338854125,52.3,3717774123283.0,99.3,42.348638931912205,53.6,428.9644256295287,76.2,68.5
010140,삼성중공업,운송장비·부품,10.060439247213717,86.0,3230712014985.0,88.0,281.27462341268307,10.0,87.7603602150376,20.0,72.2
003550,LG,금융,24.909913994154103,88.2,2139622000000.0,86.8,9.80684407141855,90.8,288.5862633956248,80.3,87.5
033780,KT&G,음식료·담배,24.35722106282657,100.0,1701557000000.0,97.1,54.64779774143519,79.4,203.920553227639,88.2,95.7
267250,HD현대,금융,18.40581807666459,73.7,22409332760000.0,98.7,160.14507876743346,17.1,125.00001381723106,43.4,72.0
010950,S-Oil,화학,8.50721576996423,56.2,11343488000000.0,96.9,199.85452522047035,8.3,81.48383525683003,9.4,58.9
003670,포스코퓨처엠,전기전자,3.927954079611352,43.8,679457103191.0,73.4,103.76238133874038,43.8,152.60307683809216,48.4,53.0
278470,에이피알,화학,24.826677187836157,97.9,767533293305.0,74.0,70.06607765780548,58.3,229.39309828055383,75.0,84.1
035720,카카오,IT 서비스,13.200959297939932,71.5,2098456124429.0,97.4,83.58825964388495,31.1,153.31303417882373,29.1,71.0
086280,현대글로비스,운송·창고,5.6868761142818895,68.0,8705366003397.0,100.0,90.32378592258998,68.0,186.13535249000216,88.0,79.2
079550,LIG디펜스앤에어로스페이스,금속,9.517861359184185,84.9,1110094315474.0,88.7,434.0521780525552,3.8,97.15133478333652,18.9,71.0
064350,현대로템,운송장비·부품,14.469212295704992,90.0,1606050504000.0,82.0,169.14448835638763,38.0,131.4653273531538,56.0,78.6
011070,LG이노텍,전기전자,4.446232758803172,50.0,5527241000000.0,90.6,87.15318966381936,48.4,159.79509932851778,56.2,62.5
030200,KT,통신,9.705509062606945,63.6,6679866000000.0,100.0,118.70894561942627,27.3,112.60508006746151,36.4,68.0
000720,현대건설,건설,3.82657710422938,47.8,6842303000000.0,100.0,155.21150648629165,37.0,148.1644214532541,45.7,62.0
272210,한화시스템,전기전자,9.274907813072922,70.3,1117551657968.0,78.1,159.14718625399402,17.2,87.14737557681418,10.9,61.5
047810,한국항공우주,운송장비·부품,4.14779805284708,38.0,1167893855940.0,74.0,484.2008579752762,2.0,125.67566719021298,54.0,45.8
086520,에코프로,금융,4.087829327640696,17.1,821509401406.0,71.1,124.5482223522382,26.3,115.5667239385982,38.2,36.1
078930,GS,금융,23.16698670670371,84.2,7413135000000.0,93.4,79.98083348604682,52.6,91.51820875551144,23.7,78.3
247540,에코프로비엠,제조,3.1231085297230137,42.6,576711961931.0,99.2,159.0691789479217,14.6,79.26615611792879,10.7,53.7
003230,삼양식품,음식료·담배,22.8714354704031,97.1,770308613235.0,67.6,77.53489873533805,67.6,179.79165362178912,82.4,83.5
307950,현대오토에버,IT 서비스,7.239493673850197,56.3,1250738561000.0,95.4,83.2116885652921,31.8,187.45334231764852,39.1,63.7
003490,대한항공,운송·창고,-2.8645822487896804,32.0,7230055624254.0,96.0,390.6917450738095,28.0,58.68787478631236,32.0,50.7
259960,크래프톤,IT 서비스,31.84869945343613,92.7,1290230602555.0,96.0,32.165201502420594,64.9,325.8471670931487,66.9,88.3
047050,포스코인터내셔널,유통,4.458053387384414,54.5,9623165241000.0,98.0,155.75566982217762,23.8,131.50297161794978,47.5,63.3
006260,LS,금융,5.402672929131255,28.9,11023562000000.0,96.1,269.71205638393405,5.3,114.82991480222584,36.8,46.9
0126Z0,삼성에피스홀딩스,금융,14.98809113477145,65.8,391892643038.0,55.3,31.41539638291707,73.7,138.86062867232712,53.9,62.6
443060,HD현대마린솔루션,일반서비스,16.819943718494468,84.9,580413871847.0,94.4,55.98216914377067,59.5,290.092375081019,70.6,83.6
028050,삼성E&A,일반서비스,10.465807630046935,73.0,2609330842772.0,100.0,122.37161344510564,24.6,150.3979982673523,45.2,73.1
277810,레인보우로보틱스,제조,-16.466356971233207,16.5,12314165213.0,23.9,9.06876285423301,94.8,1000.478929668104,95.3,34.4
180640,한진칼,금융,23.47650605519408,85.5,71461541000.0,22.4,19.49641766861636,82.9,174.2133121801933,65.8,64.7
090430,아모레퍼시픽,화학,9.978592951633786,66.7,1175899264082.0,83.3,25.848230496784595,88.5,190.99987316778197,65.6,74.2
161390,한국타이어앤테크놀로지,화학,9.83876562660046,65.6,5682494487758.0,94.8,84.7203180786598,49.0,155.58859757285984,55.2,71.5
007660,이수페타시스,전기전자,20.285919071726145,87.5,379888407878.0,54.7,70.59452396015496,62.5,215.00507428355075,70.3,73.3
036930,주성엔지니어링,제조,2.3767352018495806,39.0,59881817078.0,71.2,46.370851497916966,56.9,420.47228980689056,79.2,54.0
352820,하이브,오락·문화,11.787917325959755,64.7,1449997504000.0,100.0,63.47488698404097,38.2,185.46787763980316,50.0,70.9
009830,한화솔루션,화학,6.689004518123228,36.5,4582655000000.0,93.8,183.7123509100208,11.5,94.5934703098451,19.8,49.4
064400,LG씨엔에스,IT 서비스,8.40858442682766,64.9,1520827734000.0,96.7,61.87211749831947,41.1,241.4641806671692,53.6,70.7
326030,SK바이오팜,일반서비스,39.2388941831613,96.8,247367133314.0,88.1,38.854869963783095,68.3,271.64631410461453,65.9,88.3
021240,코웨이,일반서비스,17.556842010860624,86.5,1442206990724.0,99.2,103.56375666960412,34.1,98.30665865159388,31.0,79.6
047040,대우건설,건설,11.364795353219453,87.0,2043498816098.0,95.7,266.5438496680331,15.2,183.8825575624618,65.2,79.2
000880,한화,화학,8.410210335309799,55.2,28637845000000.0,99.0,458.3462702034472,1.0,125.146040300208,39.6,60.6
032640,LG유플러스,통신,9.322871742852945,54.5,3694913000000.0,81.8,114.07785997125104,36.4,110.69393843298042,27.3,58.3
128940,한미약품,제약,28.05655174934545,93.6,467247088089.0,89.4,46.85841005658048,68.1,182.423172558506,68.1,87.2
267270,HD건설기계,기계·장비,10.224581500547698,63.0,2434171286000.0,92.6,91.01991818737824,51.9,171.32071289041707,63.0,70.5
377300,카카오페이,금융,17.489309319017778,71.1,335078749984.0,42.1,236.5392497243171,6.6,134.9577612643682,47.4,52.8
000500,가온전선,전기전자,4.155993026275183,45.3,869390198000.0,75.0,213.28940532719685,9.4,121.61627658194946,29.7,48.7
000100,유한양행,제약,10.457261344950323,70.2,639451698310.0,95.7,34.77478397887463,76.6,226.75670174970247,76.6,79.1
062040,산일전기,전기전자,37.7851084655955,96.9,164178798154.0,35.9,14.235791368876964,93.8,537.8049582590106,92.2,77.9
241560,두산밥캣,기계·장비,11.949560936774528,77.8,1630403000.0,3.7,72.87650448558911,59.3,164.68028158546184,55.6,51.6
001440,대한전선,전기전자,5.075843573414267,54.7,1198666607432.0,81.2,109.57965469700017,42.2,149.8208982096936,45.3,60.4
353200,대덕전자,전기전자,17.526370398238637,85.9,400975252509.0,59.4,40.01742749168973,76.6,229.8228501202872,71.9,75.7
240810,원익IPS,제조,8.492298217166722,61.7,216471641903.0,94.3,39.11487892303264,63.2,249.4377911380295,61.8,71.7
066970,엘앤에프,전기전자,2.3534482249062503,37.5,885044094345.0,76.6,372.7469710742075,1.6,74.71093889878301,7.8,42.5
271560,오리온,음식료·담배,14.83593513276176,91.2,893585628251.0,79.4,18.93574608313009,97.1,386.69008293696544,100.0,89.1
058470,리노공업,제조,51.34092005332474,99.5,143187426964.0,89.3,10.312111124228313,92.6,765.1482850255976,91.4,95.0
010060,OCI홀딩스,금융,10.563693118501144,50.0,1023183415000.0,75.0,71.36586943296727,55.3,298.241827726269,81.6,60.7
039030,이오테크닉스,제조,30.58568217037668,96.3,127798995472.0,87.3,11.116450714313306,91.7,711.6257422914177,90.3,92.6
036570,NC,IT 서비스,22.564731209679483,86.8,770500860473.0,94.7,30.226723263431115,68.2,310.4998003267957,64.2,85.1
222800,심텍,제조,12.221889882965815,72.5,514564784270.0,99.0,183.10111974208692,11.1,96.12179966262735,16.0,68.6
034220,LG디스플레이,전기전자,-1.9195793062194777,20.3,5612063000000.0,93.8,259.50169177829605,6.2,63.47661883030949,6.2,39.5
051900,LG생활건강,화학,6.2013402916344535,35.4,1657417975831.0,87.5,25.04716584251804,89.6,276.0360065404437,81.2,61.2
028300,HLB,제조,-80.42360776862138,6.3,28001908177.0,47.4,114.93758117235556,23.2,25.54263922566339,1.1,20.2
454910,두산로보틱스,기계·장비,-81.5728430052558,3.7,17674019166.0,18.5,34.209643957540564,81.5,1388.513558051994,100.0,25.2
011790,SKC,화학,-2.234956276228869,6.2,645384981103.0,70.8,156.6899257354875,16.7,97.32644141018054,21.9,28.1
214450,파마리서치,제조,37.19523059646182,98.2,178704799285.0,92.3,40.34926579150018,61.0,772.4822057338374,91.6,91.4
002380,KCC,화학,7.136376302775292,40.6,1806019141814.0,89.6,91.73359888199292,44.8,91.5197708942927,15.6,53.8
052690,한전기술,일반서비스,2.8974361132234945,48.4,103284018907.0,72.2,33.54374531364748,76.2,238.9816398808514,61.9,60.0
403870,HPSP,제조,61.38945914482461,99.6,46122709544.0,62.6,29.8482103310902,71.9,341.0533602201358,71.8,83.0
004170,신세계,유통,9.38747936080662,75.2,1780382086514.0,87.1,121.19043517834965,39.6,52.42583398720563,10.9,69.4
004020,현대제철,금속,0.9450838902664664,22.6,6107304725269.0,96.2,75.60356617909926,54.7,162.44648085291203,60.4,51.6
000990,DB하이텍,전기전자,25.39097856776049,93.8,414450390729.0,65.6,29.37207912789852,87.5,249.97485097404203,76.6,83.2
082740,한화엔진,기계·장비,10.466215809138577,66.7,362219898360.0,81.5,234.09338366048087,14.8,127.04164541141532,37.0,62.5
298380,에이비엘바이오,제조,-85.31265378095819,6.2,19704000000.0,35.3,57.36564993297254,49.9,171.5528044365031,46.5,23.4
001040,CJ,금융,4.612690095233752,22.4,11528095125000.0,97.4,176.1410000546957,15.8,79.05218691441765,15.8,43.6
000250,삼천당제약,제조,4.8616619733492,48.9,70744851737.0,73.8,43.56574196475008,58.6,221.13801208182667,57.6,58.2
087010,펩트론,제조,-549.9287881608445,1.3,1445266001.0,2.6,29.73567702412255,72.0,911.0532468396748,93.8,17.6
108490,로보티즈,제조,12.887399670226335,74.2,15372126276.0,28.5,3.036693513959277,99.2,2665.1698640278896,99.5,65.5
161890,한국콜마,화학,12.811316928088829,78.1,861276727774.0,76.0,104.85866859521154,35.4,80.77513470094789,8.3,66.8
319660,피에스케이,제조,30.01301909884646,96.0,167474032244.0,91.3,22.062822569630143,78.8,452.7170342387155,80.5,91.3
018880,한온시스템,기계·장비,3.606081060993452,37.0,2875248395704.0,96.3,157.17390402392155,33.3,105.6472302257233,25.9,53.5
141080,리가켐바이오,일반서비스,-1300.88535325933,4.8,5532886956.0,26.2,34.73279629377353,74.6,937.1083834805486,88.9,26.3
036460,한국가스공사,전기·가스,8.994371575135835,100.0,7507962000000.0,90.0,345.2616707565504,20.0,87.28745257916951,60.0,84.2
257720,실리콘투,유통,20.6086505775026,93.1,402597050816.0,71.3,40.00046185516568,69.3,322.420543042452,81.2,82.8
103590,일진전기,전기전자,11.29021289604488,75.0,637384739000.0,71.9,161.0890479583336,15.6,119.01349462586964,26.6,63.1
095340,ISC,유통,29.234118918856502,98.0,72929001545.0,47.5,11.977944563864696,92.1,713.3130970099772,95.0,81.9
111770,영원무역,유통,14.25403850585552,87.1,1231731565513.0,84.2,37.26253504689664,72.3,413.91039773801526,89.1,84.6
022100,포스코DX,일반서비스,4.239715685592942,52.4,232580814051.0,87.3,45.10417896710352,62.7,240.9612213814178,62.7,64.9
011780,금호석유화학,화학,14.946012331891447,86.5,2268152062130.0,90.6,34.40278755732372,81.2,214.86775311208208,70.8,85.8
192820,코스맥스,화학,9.27614946184682,62.5,794891203546.0,75.0,276.1371931119207,3.1,90.1055275828477,14.6,55.3
251270,넷마블,IT 서비스,10.698528544059991,67.5,749215129332.0,93.4,35.790666050757565,60.9,85.12999574151094,7.9,69.7
023530,롯데쇼핑,유통,2.5798616446960407,44.6,3485027676575.0,94.1,124.86619145913536,37.6,49.6792169350008,9.9,55.8
440110,파두,제조,22.17236292409988,90.2,73173633575.0,75.2,200.6703558438429,8.7,141.98972265305838,36.8,71.6
035250,강원랜드,오락·문화,12.673567882654051,70.6,345635247908.0,88.2,18.12725386316959,76.5,466.2679580483917,76.5,77.1
008930,한미사이언스,금융,16.07644533391924,69.7,367856377182.0,51.3,44.443162009161234,67.1,90.37784905349014,22.4,60.1
012750,에스원,일반서비스,8.904915115370432,68.3,723127764911.0,96.0,38.80168488449081,69.0,270.3636212702625,65.1,76.4
145020,휴젤,제조,40.6302063096857,98.5,137903428646.0,88.8,9.57364624579774,93.8,754.9502745998338,91.1,94.4
084370,유진테크,제조,14.92135567422418,79.0,122110438487.0,86.0,17.935256399389658,83.4,609.0378481844357,87.9,82.3
302440,SK바이오사이언스,제약,-10.107348993143445,19.1,155705084515.0,72.3,48.57801948497058,66.0,360.06123206410604,85.1,46.0
028670,팬오션,운송·창고,10.121677514089455,84.0,1913665000000.0,84.0,103.08359277504208,60.0,106.04592920652406,56.0,78.9
017800,현대엘리베이터,기계·장비,12.193030625482002,81.5,692843740386.0,88.9,191.1836149051688,25.9,108.05535261030629,29.6,72.9
336260,두산퓨얼셀,전기전자,-115.03627838973355,3.1,44258911484.0,23.4,345.87655982974013,3.1,104.08760131865444,20.3,10.6
004800,효성,금융,31.57402999843509,92.1,733636709693.0,69.7,81.72226256353466,51.3,93.230047235407,25.0,75.1
009420,한올바이오파마,제약,12.642908117526796,78.7,44275731477.0,25.5,48.809138755633874,63.8,149.41039254045933,57.4,59.2
006360,GS건설,건설,3.2868658848334062,39.1,2779365000000.0,97.8,229.042862746912,23.9,97.83965347197386,19.6,53.3
097950,CJ제일제당,음식료·담배,3.4986494392607383,38.2,7362113166000.0,100.0,160.3961382327196,32.4,86.1270576430818,35.3,55.8
375500,DL이앤씨,건설,8.842781436124582,78.3,1802922191209.0,93.5,86.42992234521726,63.0,157.32523543587345,52.2,78.9
214370,케어젠,제조,27.86181118833884,94.6,18794592274.0,33.6,10.338995294827102,92.3,792.8107516256491,92.2,75.8
007340,DN오토모티브,전기전자,16.443836622412746,84.4,1249319637000.0,82.8,122.3130383737518,34.4,157.7541032988024,54.7,75.5
064760,티씨케이,제조,28.300404855479645,94.7,94873213359.0,81.2,9.69637668255087,93.7,915.887881572141,94.2,90.5
004370,농심,음식료·담배,6.19750881336618,73.5,956063105295.0,85.3,36.91190031142376,91.2,217.1191112857048,91.2,80.6
080220,제주반도체,제조,42.03349406835835,98.9,289938012131.0,96.2,63.57586151353287,47.0,385.85619390172656,76.4,90.1
031980,피에스케이홀딩스,제조,29.15242601390353,95.5,47322749669.0,63.2,19.63769325236867,81.5,391.0678849072918,77.1,82.7
450080,에코프로머티,전기전자,-5.919587951909271,17.2,178788095607.0,39.1,95.85212520216882,46.9,107.09696064422684,21.9,27.7
357780,솔브레인,제조,14.751869587005626,78.6,311971038922.0,96.7,21.986168412245977,79.0,389.8599264830093,76.7,83.9
095610,테스,제조,21.044924687791067,88.7,123671263690.0,86.3,21.022616571527035,80.4,354.2007433169028,74.1,85.8
383220,F&F,섬유·의류,21.645242727909658,100.0,399621629202.0,81.0,26.669144231493075,66.7,237.7134018176976,66.7,87.6
282330,BGF리테일,유통,3.49641403804126,52.5,2426816474388.0,90.1,170.1059039800804,18.8,89.94885780477918,24.8,57.5
483650,달바글로벌,화학,25.28130411962778,99.0,186860908470.0,43.8,34.9988942477905,80.2,392.3963400885446,89.6,79.4
011170,롯데케미칼,화학,1.9368873821880144,11.5,5686369979631.0,95.8,76.7608085903471,53.1,113.98244403204032,31.2,43.4
026960,동서,유통,7.247036042165717,64.4,135733871058.0,60.4,4.046944537905582,97.0,1521.086567979209,98.0,69.8
319400,현대무벡스,제조,3.185007181210247,42.8,100360141285.0,82.4,105.840733626955,25.6,143.67814505907052,37.3,52.2
489790,한화비전,전기전자,12.092900024585756,79.7,542288924730.0,70.3,136.84126669336706,28.1,163.5626937308626,57.8,68.9
131290,티에스이,제조,27.812295713409853,94.5,188776809074.0,93.2,35.697182496131795,66.8,256.8303755762854,63.0,88.3
005850,에스엘,운송장비·부품,9.197270330652712,80.0,1367309815934.0,80.0,56.88964838385802,70.0,223.11964115184168,72.0,78.2
004990,롯데지주,금융,3.1511422308064203,13.2,4093073648313.0,92.1,139.0491674376297,23.7,77.08341368340783,13.2,38.1
347850,디앤디파마텍,일반서비스,-1492.3013110318766,3.2,662064375.0,6.3,138.58715148795545,19.8,2720.731694181304,97.6,13.7
204320,HL만도,운송장비·부품,4.288813695686777,40.0,2495284875900.0,86.0,142.5802801534878,50.0,123.42023426201716,50.0,55.8
178320,서진시스템,제조,-4.719148993204576,24.3,410183847975.0,98.2,206.1556110592374,7.8,93.6123063386701,15.0,43.7
000240,한국앤컴퍼니,금융,29.493281616400985,90.8,339568170584.0,44.7,9.71926689045496,92.1,228.6436747178824,72.4,75.7
067310,하나마이크론,제조,20.83291125222812,88.5,683159243026.0,99.5,194.44426869448117,9.8,94.0484224477746,15.4,76.5
181710,NHN,IT 서비스,7.640010758607545,58.9,757918045230.0,94.0,94.43058738736488,23.8,167.85682562118467,34.4,63.3
103140,풍산,금속,8.515882276420744,79.2,1470322219175.0,92.5,104.74571783754658,39.6,173.41250925902187,66.0,77.4
005440,현대지에프홀딩스,금융,4.151176147860052,19.7,2055729243000.0,85.5,44.91783717994529,64.5,200.85084420136124,68.4,48.7
014680,한솔케미칼,화학,20.099268237569607,94.8,247539416450.0,54.2,38.38860692910045,76.0,218.8509290414001,71.9,78.5
081660,미스토홀딩스,유통,20.628700079384704,94.1,1431156892712.0,85.1,111.49563707859087,43.6,202.9983620974573,70.3,83.4
030000,제일기획,일반서비스,8.626537628559294,65.9,1074518428890.0,98.4,112.5327380407968,30.2,188.26978967746248,55.6,70.5
007070,GS리테일,유통,3.445740773371192,51.5,3175142890362.0,93.1,120.56131084704272,40.6,99.10529159233452,31.7,61.1
018670,SK가스,유통,-1.8996799703368028,18.8,2312994733066.0,88.1,147.94602517694904,25.7,144.80541403103686,52.5,43.1
009970,영원무역홀딩스,금융,14.124454680348562,64.5,1385351699696.0,80.3,29.627781549965864,75.0,489.04344987553145,89.5,72.5
237690,에스티팜,제조,16.87535109195672,82.9,108484009377.0,84.6,34.807348352249186,67.8,227.86515463509252,59.3,79.7
214150,클래시스,제조,41.64389266252436,98.6,105515317742.0,84.1,39.56915820861435,62.2,159.73936332081416,42.7,85.4
073240,금호타이어,화학,13.67362651813907,84.4,1332767136116.0,85.4,138.84483899692754,21.9,126.36619789040768,40.6,73.7
005290,동진쎄미켐,제조,17.09283249289007,83.0,346873555794.0,97.2,81.59079868064619,35.0,155.36242921823109,40.7,78.1
069960,현대백화점,유통,7.426481686636797,67.3,1068052590000.0,82.2,87.59907696542538,53.5,84.25875711162192,23.8,66.6
457190,이수스페셜티케미컬,화학,7.161960518637428,41.7,108029149000.0,30.2,201.0690420251661,7.3,67.39288285714437,6.2,31.3
020150,롯데에너지머티리얼즈,전기전자,-8.700568637434495,14.1,194197979593.0,40.6,31.5357851997182,84.4,380.0379044366192,87.5,36.4
002790,아모레퍼시픽홀딩스,화학,9.78898389744898,64.6,1254301644852.0,84.4,21.024628730758703,90.6,264.0770973608284,79.2,74.8
010170,대한광통신,제조,1.9504799780915945,36.8,49053665495.0,64.6,155.2181476415858,15.1,106.29270137529274,19.9,41.2
139480,이마트,유통,-0.6223779880253957,24.8,6915029941458.0,97.0,133.72240826669736,33.7,61.85871652604518,12.9,46.6
051600,한전KPS,건설,9.9510862345217,82.6,437938590099.0,76.1,25.07457810172302,87.0,306.9065225570681,84.8,81.4
140410,메지온,일반서비스,-206.3076655238924,18.3,2200899865.0,19.0,220.78521408720616,7.9,68.21243370387452,16.7,17.1
058610,에스피지,제조,4.502594155808383,47.6,88770106736.0,79.6,67.88743845796967,43.5,195.79539618287143,53.5,57.2
112610,씨에스윈드,금속,12.533757341082827,96.2,686396223214.0,79.2,161.7109313174842,17.0,149.6967453982166,52.8,78.1
263750,펄어비스,IT 서비스,35.1099714863792,95.4,192610521758.0,88.7,22.41013038629205,76.8,577.1538798712693,81.5,90.0
462870,시프트업,IT 서비스,50.45876298937871,98.7,55723749282.0,64.9,12.98681239863449,91.4,1291.7133098561023,96.7,87.5
098460,고영,제조,16.395576636380003,81.7,88759068557.0,79.5,26.162694273074944,75.1,422.7580609973951,79.5,80.1
083650,비에이치아이,제조,15.351741951794969,79.5,296273189758.0,96.5,444.6077752865365,1.1,93.37994174469311,14.9,70.0
089860,롯데렌탈,일반서비스,11.052723933086709,76.2,765763505344.0,96.8,412.62933881398993,1.6,25.593500935447526,1.6,67.5
032820,우리기술,제조,-5.729348329561953,22.4,19793567449.0,35.5,123.86520549738968,20.9,131.27635582884253,31.0,26.8
068760,셀트리온제약,제조,12.594145308506764,73.3,153290879056.0,90.3,73.46010855947215,39.9,171.39994348594956,46.1,72.2
439260,대한조선,운송장비·부품,26.873326936086205,100.0,354435070881.0,58.0,47.02797227208681,72.0,233.67947087138063,76.0,82.1
089030,테크윙,제조,22.0301166718028,89.7,56776728491.0,69.6,213.88757856176235,7.1,121.35528941034704,26.8,68.7
071970,HD현대마린엔진,기계·장비,24.41903747964978,96.3,128119406963.0,66.7,89.10640531377038,55.6,156.7530978157754,51.9,79.0
475150,SK이터닉스,건설,1.943856450888628,23.9,240891560118.0,63.0,363.2684285182861,8.7,97.02578429589012,17.4,33.3
120110,코오롱인더,화학,7.279553565300495,43.8,1356513249421.0,86.5,86.54244506723194,47.9,93.57818206335382,18.8,55.1
008770,호텔신라,유통,6.291399644586941,60.4,971829934657.0,79.2,207.043149398036,9.9,102.19733287713524,36.6,58.1
140860,파크시스템스,제조,7.950010350336237,59.4,53038561979.0,67.4,39.25945562784281,62.7,361.9536861333368,74.9,63.4
096530,씨젠,제조,15.875852723529553,80.4,135959440818.0,88.4,21.8060685455804,79.2,461.7590643655643,81.1,82.7
023590,다우기술,IT 서비스,5.052553243174161,49.0,16184969595239.0,100.0,1212.3932557261978,0.7,100.15402830837236,11.3,55.5
041510,에스엠,오락·문화,15.124104733373686,76.5,349640523616.0,91.2,44.98607074423597,58.8,210.7954666782212,55.9,77.1
000120,CJ대한통운,운송·창고,3.00494320220934,48.0,3379978742005.0,88.0,142.2049327396435,52.0,100.36418564372356,52.0,60.8
006040,동원산업,금융,5.888832754826328,31.6,2571953804714.0,88.2,99.63079958713917,38.2,137.6128088448712,50.0,50.8
060370,LS마린솔루션,건설,6.414026967411774,65.2,95440343611.0,39.1,24.12339843808616,89.1,509.52089422316647,93.5,62.5
007390,네이처셀,제조,-11.322629044905977,18.8,6195914449.0,13.6,40.69151014448308,60.2,176.16054204796018,48.6,24.6
395400,SK리츠,부동산,91.72327419803476,90.5,70358094799.0,90.5,168.90134080652064,52.4,10.36459493437575,23.8,80.6
011210,현대위아,운송장비·부품,2.140675511302636,26.0,2353743000000.0,84.0,73.50504938838527,64.0,184.5653957017887,64.0,51.0
020560,아시아나항공,운송·창고,-19.319675122985377,12.0,1844111928503.0,80.0,5496.466214370556,4.0,27.800580804582125,12.0,31.4
001120,LX인터내셔널,유통,2.467076089075286,42.6,4776320982024.0,96.0,165.4179075546113,21.8,133.79520385755313,49.5,56.7
0009K0,에임드바이오,일반서비스,42.18633744104654,97.6,20197147792.0,43.7,3.680963282386693,98.4,1732.9976245207135,95.2,81.3
001800,오리온홀딩스,금융,13.297134149700035,60.5,960503126780.0,72.4,21.37420410670694,78.9,256.482210537005,76.3,67.5
294870,IPARK현대산업개발,건설,13.417141966835104,95.7,914639719527.0,91.3,128.47568860891198,45.7,148.94548200700376,47.8,84.5
131970,두산테스나,일반서비스,12.17264796198866,77.8,80925531000.0,67.5,62.316082829803975,54.8,92.95506670996056,26.2,67.8
241710,코스메카코리아,제조,14.179304762544644,77.0,226080046334.0,94.8,119.5558093861425,22.3,130.29003034767464,30.5,72.1
322000,HD현대에너지솔루션,전기전자,21.88274847171616,90.6,165037257503.0,37.5,36.39225548939884,81.2,332.3793848728283,85.9,73.2
006280,녹십자,제약,0.4106758511361983,31.9,421179665231.0,83.0,112.43875246629275,23.4,134.54565636551996,48.9,47.6
298020,효성티앤씨,화학,7.812502267884029,47.9,2416150883808.0,91.7,188.17776662934327,10.4,84.14759543285788,10.4,53.5
097230,HJ중공업,건설,8.885092367805257,80.4,729908000000.0,84.8,251.21286497513705,17.4,103.78564150761729,23.9,69.6
001430,세아베스틸지주,금속,5.26893309289482,64.2,1135709521548.0,90.6,115.23044951030636,32.1,157.3502443466744,58.5,67.8
069620,대웅제약,제약,15.178155266302134,87.2,448464138492.0,87.2,112.97646875893696,21.3,88.5034216494868,23.4,74.2
323280,태성,제조,10.216956014232656,67.3,30518470361.0,50.6,59.83388136801568,49.1,111.37176867580084,23.3,56.6
290650,엘앤씨바이오,제조,22.121037470974144,90.1,38785377753.0,57.2,42.43454704482988,59.3,132.8681137050818,32.5,71.9
229640,LS에코에너지,금융,7.21046776208346,38.2,350271469180.0,47.4,114.8271362594729,34.2,158.75093465397404,59.2,42.2
078600,대주전자재료,제조,6.744655261495184,55.8,100581579532.0,82.5,138.36832484290738,17.8,68.90616928973742,7.8,55.4
007810,코리아써키트,전기전자,4.737539599450905,53.1,407179666176.0,62.5,81.62047994070295,56.2,170.43412290642092,62.5,57.0
089970,브이엠,제조,27.740848689778712,94.3,72292819990.0,74.6,21.03491139631793,80.1,579.523215646694,86.6,86.1
039200,오스코텍,제조,73.45369668604876,99.9,52648538754.0,67.3,19.214728398601867,82.2,609.2721785985178,88.0,87.0
035900,JYP Ent.,오락·문화,16.925503401090474,82.4,183142887242.0,73.5,34.007112720992446,64.7,278.8281517007696,64.7,76.2
030530,원익홀딩스,제조,7.241893546446166,57.6,176453030786.0,92.1,53.516427996060834,52.5,58.69807797757341,5.7,63.2
093370,후성,화학,12.43176367480344,77.1,188221516553.0,44.8,110.70872796698973,33.3,103.48693182977884,22.9,57.8
007310,오뚜기,음식료·담배,4.79532654961237,55.9,943801725696.0,82.4,69.83146987555092,73.5,140.65343895132438,67.6,66.9
012630,HDC,금융,15.0279439319337,67.1,1519714183593.0,82.9,120.50269289374047,28.9,152.6223509053872,56.6,66.4
005070,코스모신소재,화학,3.379542286881636,17.7,137684386642.0,38.5,58.299125754055126,63.5,168.41958191268282,61.5,32.9
001740,SK네트웍스,유통,1.7162375553566398,34.7,1444497000000.0,86.1,147.88910487650176,26.7,103.5808064512856,37.6,49.4
280360,롯데웰푸드,음식료·담배,5.598885348202194,64.7,1155747701063.0,91.2,99.53611448686154,61.8,148.4625745589778,70.6,72.8
420770,기가비스,제조,29.634423964949203,95.7,22307133450.0,39.5,17.72441384603068,83.8,491.18818425816767,82.9,76.4
361610,SK아이이테크놀로지,전기전자,-160.52166033211327,1.6,39526333000.0,20.3,151.8340483803811,23.4,44.31761414281057,3.1,9.9
183300,코미코,제조,15.372783173430976,79.6,175961637381.0,91.9,222.35436359045383,6.5,130.5940585418826,30.7,70.6
475830,오름테라퓨틱,제조,-63691.03426872619,0.1,24105273.0,0.3,56.98223796458649,50.1,312.4616103330567,69.3,11.7
300720,한일시멘트,비금속,16.595765016336184,100.0,370950768340.0,83.3,62.14285851863838,77.8,163.2605757128024,77.8,90.5
192080,더블유게임즈,IT 서비스,33.26779564400075,93.4,210628862678.0,89.4,10.545968119865226,95.4,1059.527207215938,94.7,92.5
195940,HK이노엔,제조,11.229739927009744,70.2,267225398576.0,95.8,49.73564613171952,54.9,89.01455264239851,12.8,71.5
017960,한국카본,금속,20.7084856742808,98.1,243377663938.0,58.5,68.86051266762408,60.4,162.72976530037337,62.3,78.8
004000,롯데정밀화학,화학,10.559555906209008,68.8,586274822122.0,69.8,11.08415823326474,97.9,605.0745658922864,96.9,74.8
082920,비츠로셀,제조,24.63168453262039,92.4,76169280100.0,76.2,18.98486334503119,82.7,515.8227681562549,85.0,85.8
043260,성호전자,제조,8.08598571508448,59.9,85242926093.0,78.2,223.13146253157385,6.4,110.4535532679576,22.7,56.0
218410,RFHIC,제조,21.72070997137003,89.2,51501149685.0,66.5,33.5851678309181,68.8,301.26883590623515,67.9,78.2
003380,하림지주,금융,6.988659138681136,36.8,4091400000000.0,90.8,182.57771323812617,14.5,72.78154535557063,11.8,48.3
127120,제이에스링크,일반서비스,-65.9723684176545,24.6,6311115441.0,27.8,81.34596759526003,45.2,155.15084260060812,46.0,29.7
001820,삼화콘덴서,전기전자,10.42638138638851,73.4,82846780037.0,29.7,23.02560825282038,92.2,402.6794760539841,89.1,63.8
204270,제이앤티씨,제조,-64.3950773664828,7.7,38831737876.0,57.3,174.87851967387203,12.5,34.60153507032792,2.0,22.7
330590,롯데리츠,부동산,66.94206665210535,52.4,38933859236.0,76.2,158.68949018866138,61.9,11.38567905579382,28.6,58.8
000080,하이트진로,음식료·담배,10.49768665672654,85.3,618592498752.0,61.8,172.64638690965398,26.5,67.86253942670064,14.7,65.5
006110,삼아알미늄,금속,1.7999936015167572,26.4,96924845540.0,30.2,139.911421097302,24.5,121.18614436577852,26.4,27.3
003240,태광산업,화학,-0.1939835067499289,9.4,557672402734.0,68.8,13.421685088708294,95.8,572.0429813830553,93.8,44.3
000210,DL,화학,15.379278054776888,87.5,1667870966624.0,88.5,144.3925859852032,18.8,108.63315909728402,27.1,74.7
293490,카카오게임즈,IT 서비스,-30.69320821955044,19.9,75020883947.0,71.5,114.93146151903572,16.6,112.42909490061923,16.6,34.7
032350,롯데관광개발,일반서비스,25.54643155196726,92.9,203273425098.0,84.1,484.4405368294236,0.8,13.433676954619903,0.8,71.8
006340,대원전선,전기전자,1.3404523236468064,31.2,278067660464.0,48.4,152.17653065355682,21.9,202.27086896265,65.6,38.0
347700,스피어,IT 서비스,2.1609431181869265,39.7,77061765161.0,72.8,258.2825596485511,2.6,195.7778379336203,42.4,45.4
003090,대웅,제약,13.426665346148138,80.9,570821463432.0,93.6,85.23182320364656,38.3,100.82752217196636,27.7,75.3
166090,하나머티리얼즈,제조,28.878573683391657,95.2,90087346644.0,80.1,40.674475126961816,60.5,139.3534280164679,35.6,81.7
077970,STX엔진,기계·장비,11.719182227229048,74.1,212989808009.0,70.4,217.31726763107432,18.5,102.35463481122753,18.5,61.9
192400,쿠쿠홀딩스,금융,12.97039662985738,59.2,239965379103.0,35.5,18.99415567007649,84.2,691.2771209968994,94.7,57.9
086450,동국제약,제조,10.07884218565747,66.2,258896783870.0,95.6,40.123816112691976,61.5,204.65547791830585,55.7,73.6
437730,삼현,제조,-25.664339024534687,13.0,20996133954.0,37.9,63.93294949204091,46.7,406.2865046093118,78.5,29.8
356860,티엘비,제조,14.47471720644747,78.0,88243337682.0,79.2,90.3666681694604,32.5,113.51804467935278,23.9,68.6
036540,SFA반도체,제조,-4.870643145234938,24.2,126288286343.0,86.5,20.410479603983088,81.0,273.7113349299221,64.9,53.0
003570,SNT다이내믹스,운송장비·부품,8.755159738414779,74.0,196312938239.0,42.0,31.815444481276256,82.0,370.9490149004116,84.0,66.2
185750,종근당,제약,3.8898707284492353,59.6,478465317186.0,91.5,83.25878347660988,40.4,204.2859056278172,74.5,68.1
451800,한화리츠,부동산,61.88835972060498,42.9,31439803546.0,66.7,182.80354084301916,42.9,9.131753102196887,19.0,48.1
030190,NICE평가정보,IT 서비스,20.142732155504,84.8,163184691899.0,86.1,32.19531796134783,64.2,230.81289820241156,49.7,79.9
034230,파라다이스,오락·문화,11.1762319855505,61.8,318088896490.0,85.3,87.46032379208692,17.6,97.0231117489651,23.5,60.5
285130,SK케미칼,화학,4.3414989679196045,25.0,745120400305.0,72.9,89.05630709066143,45.8,213.90119678969205,69.8,45.5
004490,세방전지,전기전자,6.662303940028735,64.1,530187002754.0,68.8,43.44291805441121,73.4,231.30496206122376,73.4,67.4
006120,SK디스커버리,금융,-0.9934181798379624,9.2,3055582491147.0,89.5,135.00869867607236,25.0,156.51977809138214,57.9,39.1
005300,롯데칠성,음식료·담배,5.018035269372496,58.8,1112889927256.0,88.2,166.7261100309135,29.4,83.69885806694307,32.4,62.0
079160,CJ CGV,오락·문화,1.9310601433890084,29.4,593957859690.0,94.1,412.3077593068939,2.9,70.6551171983748,5.9,43.7
232140,와이씨,제조,14.336482761904954,77.5,104991544809.0,83.8,26.80710564362684,74.2,364.9422980344414,75.2,78.8
195870,해성디에스,전기전자,11.780392870229358,78.1,211085611184.0,43.8,60.684594139610425,65.6,210.6680822657789,67.2,65.4
009240,한샘,유통,2.704638334762548,47.5,417232957618.0,72.3,141.5726906038231,29.7,144.43053595781754,51.5,53.1
036830,솔브레인홀딩스,일반서비스,15.274361669073622,82.5,208793353326.0,86.5,35.30299546061123,72.2,95.53597187517894,28.6,78.2
009450,경동나비엔,전기전자,21.705629460556946,89.1,388199645862.0,56.2,86.66834176072071,51.6,137.31434875050286,42.2,71.0
499790,GS피앤엘,금융,18.47013248550133,76.3,158960998737.0,28.9,93.13081630683791,44.7,22.78396930463181,1.3,52.3
101490,에스앤에스텍,제조,20.469886246032544,88.2,66414654618.0,72.7,23.918917198876308,76.6,345.10425975423027,72.5,80.9
056190,SFA,제조,7.247635426160767,57.7,400006678183.0,98.0,47.29272781469531,56.3,196.52978254123116,53.9,69.3
445680,큐리옥스바이오시스템즈,제조,-379.13445154376114,1.8,1175624880.0,2.0,8.87384052681975,95.0,523.6534356532015,85.3,19.7
071320,지역난방공사,전기·가스,5.06711702262855,70.0,653113000000.0,70.0,219.0788643327625,50.0,45.62059431063173,20.0,63.6
005180,빙그레,음식료·담배,15.772495595740446,94.1,442070092908.0,55.9,44.90615559819379,85.3,279.1402072269166,94.1,81.6
491000,리브스메드,제조,-97.46166858449516,5.3,12507068189.0,24.1,14.612889864752535,88.8,781.2964312012243,91.8,27.9
213420,덕산네오룩스,제조,19.55834804254704,86.8,94584555044.0,81.1,53.39989947832674,52.8,356.77393775540406,74.4,80.0
065350,신성델타테크,제조,5.226001204876709,50.4,299159226416.0,96.6,186.0990061220864,10.7,106.88283421360032,20.5,57.1
041830,인바디,제조,24.22188143157443,91.9,73253798827.0,75.3,12.091442163580403,91.3,666.8520758774657,89.8,86.7
038500,삼표시멘트,제조,6.397811852393401,54.3,182125863355.0,92.7,79.05015553922368,36.6,89.49331499946015,13.2,60.4
014620,성광벤드,제조,15.6037636470938,80.1,64132334617.0,72.3,6.800248520935048,97.4,1230.81518604724,96.7,81.2
031330,에스에이엠티,유통,5.721535301954253,58.4,2580464421806.0,91.1,178.9151701606291,16.8,148.82855834819924,55.4,63.0
476830,알지노믹스,일반서비스,-848.1714534465999,7.1,807823294.0,7.9,10.618719372077878,92.1,967.7670283478058,89.7,24.1
458870,씨어스,제조,45.63708936875974,99.2,28375516327.0,47.9,25.645884727171225,75.2,522.0146718913572,85.1,79.8
115180,큐리언트,일반서비스,-672.8551927731572,9.5,1909021076.0,16.7,108.96852553334378,31.7,1035.2435448562296,90.5,20.8
083450,GST,제조,15.57704090902819,79.8,99243908463.0,82.2,29.73001636603285,72.2,306.4043538897897,68.5,78.7
298050,HS효성첨단소재,화학,8.144596402561193,51.0,952698172430.0,80.2,347.8369014108772,2.1,57.94368149013247,4.2,50.1
365550,ESR켄달스퀘어리츠,부동산,52.0573284255328,23.8,32463673068.0,71.4,147.88077661204375,71.4,29.1153151423145,57.1,46.5
099320,쎄트렉아이,제조,2.673186031493916,40.4,51141250848.0,66.2,74.19359522690856,39.8,130.53476767937354,30.6,47.3
281740,레이크머티리얼즈,제조,16.341296999398704,81.5,37205660672.0,56.3,165.61901362154865,14.0,142.6719441101135,37.0,62.3
124500,아이티센글로벌,IT 서비스,0.3618047595280352,34.4,2292427258508.0,98.0,145.51844707079164,9.9,137.26321945459506,23.8,49.7
100090,SK오션플랜트,금속,11.34665123719856,90.6,170484462293.0,45.3,44.33010686388741,69.8,94.00251701607723,17.0,68.6
085660,차바이오텍,제조,-8.91030400930218,20.9,316429568470.0,96.9,178.43555525287204,11.7,88.66756810005305,12.7,41.9
003850,보령,제약,8.511005044996402,66.0,279622584597.0,80.9,71.0374284711599,48.9,171.2733527018838,63.8,68.2
252990,샘씨엔에스,제조,30.479065204911382,96.2,31265241801.0,51.1,40.18147111351294,61.2,292.4252520153171,66.9,76.1
032190,다우데이타,유통,5.079514387916484,56.4,16370867719465.0,100.0,1186.180475805265,1.0,100.4326992188218,32.7,60.9
122870,와이지엔터테인먼트,오락·문화,8.585127058881794,52.9,127759713220.0,67.6,27.12440225692088,73.5,252.4266970701996,58.8,60.3
417200,LS머트리얼즈,제조,1.038616451839219,33.4,51297766953.0,66.4,47.74825923697881,55.9,252.0361778697977,62.2,48.3
214320,이노션,일반서비스,8.934240563494273,69.0,499051454739.0,92.1,153.59407755930124,17.5,139.04213796492706,43.7,67.7
225570,넥슨게임즈,IT 서비스,25.69951812626597,89.4,41454225432.0,60.3,68.20835588335747,39.1,401.5947321844338,74.2,73.4
090710,휴림로봇,제조,-20.835038006296195,14.7,25443658468.0,44.8,29.51638298087901,72.4,206.2755404196476,55.9,34.0
005090,SGC에너지,전기·가스,7.7788495257286465,90.0,576959944058.0,60.0,336.9634557220091,30.0,60.246423584095474,30.0,69.0
094170,동운아나텍,제조,-19.413861275698743,15.2,26113542077.0,46.0,52.890439623610696,53.0,552.5299781237088,86.0,34.6
036530,SNT홀딩스,금융,12.215295605909114,57.9,523773484516.0,63.2,33.0608673594404,71.1,397.8815521562903,85.5,63.3
035760,CJ ENM,오락·문화,2.779650574021491,41.2,1203274777434.0,97.1,152.53409015106033,11.8,74.56225597307726,8.8,51.8
033100,제룡전기,제조,14.68322221742352,78.3,35649312266.0,54.5,14.390577562253345,89.2,612.6515809714122,88.2,73.3
000670,영풍,금속,0.1771107740377356,15.1,853191924777.0,83.0,42.84888233182998,71.7,123.61591172615591,32.1,43.6
090460,비에이치,전기전자,1.9049576889074864,35.9,414237053660.0,64.1,71.3219736004456,60.9,155.70191327042903,53.1,48.7
090360,로보스타,제조,1.8947700343349447,36.5,26369469062.0,46.2,29.34954418924989,72.5,316.08722019281527,69.5,46.4
171090,선익시스템,제조,-50.10621332178293,9.3,20242142077.0,36.5,196.83231114792144,9.4,126.0518371164396,28.6,19.0
456040,OCI,화학,8.085999448417535,50.0,535009757000.0,67.7,97.49581769841102,40.6,156.42127809662458,58.3,54.8
251970,펌텍코리아,제조,18.52942260789957,85.3,116844346692.0,85.4,33.9160006493463,68.5,236.80509615142924,60.5,81.3
119850,지엔씨에너지,제조,15.279376729324426,79.3,66495947819.0,72.8,65.80926684940175,45.3,202.7003518355225,55.2,71.3
137400,피엔티,제조,3.14426016667442,42.7,117574402595.0,85.5,169.9630207277592,13.2,148.7493033375925,38.7,51.7
064960,SNT모티브,운송장비·부품,10.01514515828368,84.0,258025087411.0,56.0,26.890296363460525,86.0,320.39086133520607,82.0,75.7
006730,서부T&D,일반서비스,20.839727475345093,88.9,87676480384.0,69.0,130.97862715320954,21.4,44.41423968228174,7.1,68.3
388210,씨엠티엑스,제조,32.51794495869714,97.2,47897115675.0,63.9,43.55525327885753,58.7,201.19499791944745,54.5,79.2
033790,피노,제조,2.22582464936852,37.9,104407384322.0,83.6,18.34150989453821,83.1,499.6095425491142,83.9,60.7
041960,코미팜,제조,9.8086091655618,65.4,16701768501.0,30.5,87.59378471271836,33.2,130.64921659975028,30.9,48.3
093050,LF,섬유·의류,9.471186429191958,85.7,465388608265.0,90.5,71.26184081257125,52.4,157.20585650821465,52.4,80.5
100840,SNT에너지,기계·장비,19.68383472500726,88.9,108055984076.0,59.3,46.0793773109374,66.7,262.9763490225763,77.8,76.5
074600,원익QnC,제조,11.356489347321975,70.7,271857366892.0,96.0,161.18275171711346,14.4,124.84419215290777,28.0,68.1
328130,루닛,IT 서비스,-70.45517434761142,9.9,21813709916.0,45.7,64.4156302209041,40.4,110.35027113340884,15.2,24.7
189300,인텔리안테크,제조,7.338079005806568,57.9,97246184449.0,81.7,89.6250660503267,32.6,171.91996680711785,46.6,61.1
001060,JW중외제약,제약,15.016273812606087,85.1,222020100173.0,74.5,60.974982174522,55.3,156.13515858843746,59.6,76.3
017940,E1,유통,2.677807313348466,46.5,4402807536610.0,95.0,643.6432040468401,4.0,100.77148948798089,33.7,54.9
069260,TKG휴켐스,화학,8.262459089195863,53.1,397199442608.0,61.5,36.18495059039349,77.1,247.4749889112252,77.1,60.4
317450,명인제약,제약,36.28107938408277,97.9,76106145635.0,53.2,6.377080044203623,95.7,1240.0555989600189,93.6,83.9
253450,스튜디오드래곤,오락·문화,10.630879339775754,58.8,145291923512.0,70.6,32.508711541931,67.6,120.59076754994273,26.5,60.8
044490,태웅,제조,3.029380312531856,42.1,105494491886.0,84.0,35.025431087895534,67.5,187.14978578065669,51.4,58.5
014820,동원시스템즈,화학,7.803115733629,46.9,402189492881.0,63.5,71.91164635031735,57.3,124.05150858510498,37.5,52.4
268280,미원에스씨,화학,22.790521016450803,95.8,162829067103.0,40.6,26.607681520445404,87.5,409.37873502416073,90.6,77.8
005880,대한해운,운송·창고,20.11510704985504,96.0,312832991249.0,56.0,63.80974892603499,80.0,115.02324342551483,64.0,79.5
053800,안랩,IT 서비스,7.547152899064334,58.3,71308784756.0,70.2,37.2928478568116,58.9,299.40865212278214,62.9,62.3
093320,케이아이엔엑스,IT 서비스,20.74528494497373,86.1,42506109554.0,60.9,36.78373872187112,59.6,208.2082389451413,45.0,72.1
005690,파미셀,전기전자,33.93696957742719,95.3,38980267333.0,18.8,28.446896365196693,89.1,714.7544739519428,93.8,71.5
293940,신한알파리츠,부동산,56.289310625167744,28.6,44890023021.0,85.7,300.9730412656305,14.3,9.06781059210924,14.3,42.9
023160,태광,제조,8.611588751528366,62.0,83745574424.0,77.8,11.68354447214105,91.4,950.864650804952,94.7,72.9
001680,대상,음식료·담배,3.9845167226527214,44.1,1165775349440.0,94.1,203.4091122054288,20.6,109.8357454390222,58.8,57.5
033240,자화전자,전기전자,9.545197882784274,71.9,235193567600.0,45.3,67.79486335198358,64.1,130.02289487732554,39.1,60.4
002960,한국쉘석유,화학,16.300234765558606,91.7,95483718878.0,27.1,51.14506752683378,66.7,276.8426711858025,82.3,68.6
466100,클로봇,IT 서비스,-32.05523839698612,19.2,8859369111.0,23.2,24.14023779330222,74.8,621.6056482360566,84.8,32.3
248070,솔루엠,전기전자,4.437559296652582,48.4,491846718656.0,67.2,151.50869288176418,25.0,120.28064993506646,28.1,49.6
456160,지투지바이오,제조,-168.56523689872284,3.3,1602828354.0,3.0,69.07726367691855,42.6,237.613970144526,60.8,12.5
006650,대한유화,화학,-0.4053865852556352,8.3,956254316742.0,81.2,35.58200220486686,79.2,196.9977807954257,67.7,43.4
001570,금양,화학,-45.72389646944298,1.0,17364980927.0,5.2,173.04681618671242,13.5,11.933606833598477,1.0,3.8
383800,LX홀딩스,금융,349.0512553511512,98.7,17286000000.0,11.8,17.096095508829013,85.5,78.73841601121408,14.5,64.3
161580,필옵틱스,제조,-185.1588475629307,3.1,8196676115.0,16.9,121.00013456759082,21.7,102.41775694826129,18.5,10.7
327260,RF머트리얼즈,제조,21.1105501235347,88.8,25059802336.0,44.0,33.40205086549774,68.9,333.05829939940696,70.7,71.5
059090,미코,제조,5.585044128740044,51.6,349190198259.0,97.4,259.6942251677109,4.7,129.38465094346245,30.1,58.0
000640,동아쏘시오홀딩스,금융,9.44703904079007,43.4,412392339788.0,57.9,82.92865017085781,48.7,81.67414138225378,18.4,46.4
122640,예스티,제조,10.88479707099108,69.3,41945739918.0,59.8,68.43911098226884,43.1,151.5449888253316,39.7,60.9
002350,넥센타이어,화학,3.8521550028674767,20.8,891293882267.0,78.1,131.4410861536928,24.0,141.29044527858255,47.9,40.5
002840,미원상사,화학,15.61486749798154,88.5,130051444917.0,35.4,20.43867756516569,91.7,452.9463870917697,92.7,73.3
108320,LX세미콘,전기전자,5.485780356880297,59.4,401152905701.0,60.9,27.207644742609183,90.6,415.5923428134184,90.6,66.1
006380,카프로,화학,-2.207563242958608,7.3,12364023675.0,3.1,267.08010012654256,4.2,113.81176608020512,30.2,7.5
222080,SFA넥셀,제조,19.6442425780787,87.0,69014407591.0,73.4,29.305393034585453,72.8,348.4399285748496,73.0,80.1
102710,이엔에프테크놀로지,제조,15.225189471137568,79.2,179010795049.0,92.6,60.771027236943645,48.2,131.88246733343613,31.9,75.7
032500,케이엠더블유,제조,-25.754883946068414,12.8,24322069201.0,42.7,62.95300382584189,47.4,98.314104643553,17.4,26.3
048410,현대바이오,제조,-1064.2592495316785,0.6,520398888.0,0.9,27.103397914823272,73.9,236.41967442696625,60.3,14.3
002990,금호건설,건설,3.2327445129047527,37.0,511651231360.0,80.4,405.51168498207,6.5,89.48709432434592,15.2,44.6
453340,현대그린푸드,유통,6.408242670192197,61.4,594973411000.0,76.2,36.38775290299841,73.3,219.84416894594423,71.3,68.1
121600,나노신소재,제조,14.610311334155046,78.2,36547748442.0,55.5,47.85167151555413,55.8,193.72421396072684,52.5,66.6
036810,에프에스티,제조,10.774856067320606,68.9,89302520311.0,79.7,111.63291116851488,23.9,91.84115237015996,14.1,62.4
060250,NHN KCP,금융,4.0275813592210605,15.8,383375286303.0,53.9,118.0324277686011,30.3,166.52421606565355,63.2,32.8
079940,가비아,IT 서비스,14.057162284949918,72.2,88761097959.0,75.5,68.07321714478279,39.7,132.57403302610842,21.9,65.3
114090,GKL,오락·문화,17.29744326474248,85.3,120451186017.0,64.7,40.09506948747025,61.8,287.9690173659853,67.6,74.9
075580,세진중공업,운송장비·부품,21.78392448728112,98.0,93498436615.0,22.0,104.64138002111028,56.0,86.21376158034946,14.0,63.4
058650,세아홀딩스,금속,4.845322930632048,62.3,2023590668604.0,94.3,114.08303162661106,34.0,143.7830212572023,49.1,67.4
178920,PI첨단소재,화학,29.655683025779485,100.0,77501049492.0,25.0,29.24034223890028,85.4,271.45230086833527,80.2,74.2
003300,한일홀딩스,비금속,12.9887926735384,94.4,502403655260.0,88.9,58.15791447496099,83.3,170.3020405039468,83.3,90.5
052400,코나아이,IT 서비스,25.292196921778903,88.7,84596358680.0,74.8,109.42761878014338,20.5,138.70576975205935,24.5,71.2
001530,DI동일,유통,1.8567729314897936,37.6,180226705067.0,64.4,111.321205501553,44.6,82.22419959732426,22.8,45.3
046890,서울반도체,제조,1.1960153469376316,34.0,292103963126.0,96.3,71.63430548346395,40.8,127.58023845969709,29.3,53.1
052020,에스티큐브,유통,-403.320085009181,1.0,1502008589.0,3.0,30.70332356230307,76.2,1521.131245185058,99.0,18.5
007700,F&F홀딩스,금융,19.314273994684918,80.3,399769872216.0,56.6,13.026877332854294,89.5,273.108126900144,78.9,74.2
160190,하이젠알앤엠,제조,-7.040971402173668,21.4,20799513680.0,37.5,50.81793968251429,54.0,336.38220160712063,71.2,34.1
025540,한국단자,전기전자,4.515135779761474,51.6,395077399000.0,57.8,38.090617822765495,79.7,300.12674023523016,82.8,59.3
079900,전진건설로봇,기계·장비,20.333420573788132,92.6,47254266109.0,25.9,42.00706436547604,70.4,239.12621382507209,70.4,68.1
336370,솔루스첨단소재,전기전자,-21.27791386562841,7.8,101870141988.0,32.8,116.12137341317872,37.5,52.47874739853624,4.7,18.6
211050,인카금융서비스,금융,9.542091914302988,44.7,338806116000.0,43.4,357.11074662072207,3.9,112.4771775198804,34.2,38.6
295310,에이치브이엠,제조,6.898983824551226,56.9,29152193586.0,49.2,109.63850276294916,24.4,602.6569588209492,87.7,53.2
016380,KG스틸,금속,4.809346039756664,60.4,896376295813.0,84.9,63.21401949091728,62.3,130.1454380549788,39.6,66.3
425420,티에프이,제조,18.09716883226099,84.8,33608936549.0,52.8,31.78970625674165,70.4,351.5164981229911,73.7,72.6
019170,신풍제약,제약,-12.566569342123543,10.6,63887734794.0,44.7,31.818917132552656,80.9,285.6811851919979,80.9,34.9
005810,풍산홀딩스,금융,25.38176131966514,89.5,162813061783.0,31.6,14.352870597435356,86.8,165.95573890066265,61.8,69.6
003620,KG모빌리티,운송장비·부품,0.4232138014442226,14.0,1233964507107.0,76.0,154.01539879233482,44.0,120.01240288569116,42.0,38.4
009520,포스코엠텍,제조,9.019222063653478,63.0,107195793914.0,84.5,33.80141196492994,68.6,321.66378374411744,69.9,70.7
050890,쏠리드,제조,5.04220499290333,49.4,70130784805.0,73.7,59.9846612519061,49.0,167.12495255053395,44.8,56.3
086900,메디톡스,제조,6.935183833315545,57.1,68702321979.0,73.2,50.75073489636187,54.2,103.42380217804516,18.8,58.5
033500,동성화인텍,제조,16.00668115351741,80.7,224533797658.0,94.7,74.61813160236159,39.3,173.94641096325847,47.9,77.3
161000,애경케미칼,화학,8.512853203342715,57.3,503302782000.0,64.6,111.81892214784386,31.2,116.25354848923932,33.3,54.4
053610,프로텍,제조,29.874161984078484,95.8,77314344467.0,76.6,23.72122455682895,76.7,478.0983697670614,81.7,86.6
045100,한양이엔지,일반서비스,8.042007577959884,65.1,354702606140.0,91.3,40.48923994667496,66.7,226.66369879316085,60.3,72.8
284740,쿠쿠홈시스,일반서비스,16.974178403438362,85.7,318271750679.0,89.7,23.2883305078504,84.9,224.8389989350212,58.7,84.6
112040,위메이드,IT 서비스,-19.36001615475195,22.5,108274192348.0,80.8,108.17822496355804,21.2,71.48512908277502,4.0,38.4
490470,세미파이브,일반서비스,-23.584856350403072,29.4,46801507514.0,58.7,56.54335088245818,58.7,172.94059298511417,51.6,43.5
033640,네패스,제조,9.49535885363266,64.4,153704779819.0,90.6,177.75691303931515,12.1,90.26767789135032,13.5,61.9
025980,아난티,일반서비스,-9.73232665469078,31.7,55123302632.0,61.9,115.97069598068266,28.6,36.2525105365855,4.0,38.2
399720,가온칩스,제조,1.5396753128094225,35.3,21310472297.0,38.3,132.78555510849213,19.0,137.27499299570155,34.8,34.2
460860,동국제강,금속,4.576873893155377,50.9,995514578458.0,86.8,126.78524512038103,28.3,87.34241902729946,9.4,55.6
039130,하나투어,일반서비스,4.712716350051054,54.8,115435401983.0,74.6,256.36983308292486,4.8,124.7486366041208,39.7,53.5
019210,와이지-원,제조,22.385396766691134,90.4,213294648255.0,93.7,197.65138777625364,9.2,118.07965054636573,25.6,76.5
278280,천보,제조,-7.475965085663955,21.2,51002936722.0,66.1,88.1975885962555,33.0,44.53978451775488,2.9,34.6
484870,엠앤씨솔루션,기계·장비,13.377618340576754,85.2,93508776245.0,51.9,94.42268738328892,44.4,141.3665185880346,44.4,67.1
383310,에코프로에이치엔,제조,11.182793026148252,70.0,51527505745.0,66.6,46.92848360609942,56.5,303.0368907400699,68.1,67.2
448730,삼성FN리츠,부동산,60.5029208452915,33.3,12236124626.0,38.1,113.52546958298116,81.0,7.503549511021928,4.8,38.2
037460,삼지전자,제조,5.88769467237343,52.5,2690378225730.0,100.0,152.14310237570947,15.6,149.79879823458865,38.9,61.2
008060,대덕,금융,14.000173039591216,63.2,481519040903.0,61.8,32.22580447813304,72.4,266.6081502337087,77.6,65.0
099190,아이센스,제조,7.451643525383909,58.4,88674090937.0,79.3,64.60864559153066,46.0,176.1090094267645,48.4,62.4
009410,태영건설,건설,11.613461363127316,89.1,320064703526.0,71.7,510.1394390936432,2.2,76.46905688104553,6.5,66.8
340570,티앤엘,제조,44.55578760734653,99.1,56017242487.0,69.3,12.938150310393004,90.2,569.4448035341526,86.4,88.1
377740,바이오노트,제약,23.254433870008345,91.5,36367636556.0,19.1,4.095358376717481,97.9,1853.455120098642,97.9,71.1
460930,현대힘스,제조,16.742582408286005,82.5,72768240800.0,74.9,26.85225609111533,74.1,226.5176186451256,58.9,77.3
004690,삼천리,전기·가스,2.425097500163954,60.0,1157298325453.0,80.0,119.64067818629852,60.0,126.5282167584769,70.0,66.8
034310,NICE,일반서비스,9.32940455113599,70.6,802368727422.0,97.6,170.6918669317353,16.7,104.73430821121696,33.3,69.2
015750,성우하이텍,제조,5.775817099820684,52.3,1126339978027.0,99.7,147.20439058587246,16.6,103.61641020194968,18.9,59.6
101160,월덱스,제조,21.92104708324063,89.5,75412635611.0,75.9,22.079026254958507,78.7,581.902892522706,86.9,83.9
145990,삼양사,음식료·담배,6.106113207521474,70.6,705531575519.0,64.7,127.21186287839204,52.9,111.9347317437988,61.8,66.0
365340,성일하이텍,제조,8.241325631755744,60.8,76814493285.0,76.3,308.1400952600115,3.3,49.320516496390034,3.5,54.0
000070,삼양홀딩스,금융,6.285526776724061,32.9,962967471957.0,73.7,115.7323963047972,32.9,106.72739711392424,31.6,45.0
034950,한국기업평가,일반서비스,48.54726158429553,99.2,42983101345.0,57.1,37.15197416890965,69.8,318.7964486681506,73.8,81.0
010780,아이에스동서,비금속,4.480526712745228,50.0,113793757495.0,38.9,114.33882154431832,22.2,156.08988729093284,66.7,44.7
002240,고려제강,금속,1.1048892041375868,24.5,483129826865.0,71.7,38.8610135900821,79.2,240.7120588964086,77.4,49.5
082270,젬백스,제조,4.391785548189092,47.4,22705381332.0,40.1,120.2391779477777,22.2,107.91674161560874,21.4,40.1
174900,앱클론,제조,-371.3911891544998,1.9,1684169879.0,3.1,21.53741639108861,79.6,389.4117521348259,76.6,17.6
253590,네오셈,제조,31.714037318495684,96.9,36000174211.0,54.9,35.65823175610088,66.9,358.1913571071226,74.8,78.9
035890,서희건설,건설,18.16429778835211,100.0,200542329428.0,58.7,47.29580347451052,78.3,241.52389774368837,78.3,83.3
005250,녹십자홀딩스,일반서비스,1.1109520245623177,42.1,596271887133.0,95.2,139.76998441794052,19.0,95.64215069692754,29.4,54.2
249420,일동제약,제약,1.339156402418085,42.6,147860721005.0,66.0,124.60370661302352,17.0,100.27333978189716,25.5,45.2
077360,덕산하이메탈,제조,11.10507855040482,69.6,90753036174.0,80.2,99.1615626536906,28.1,96.76624819950815,16.2,63.5
376900,로킷헬스케어,제조,-163.74534874015055,3.4,8215797437.0,17.3,1509.90187931797,0.1,89.12641334239501,13.0,7.9
336570,원텍,제조,23.3470588617188,91.1,47493484527.0,63.5,61.11705514729471,48.0,643.6583232452938,89.2,77.5
014830,유니드,화학,6.063103522447245,33.3,399849385224.0,62.5,42.62539748054253,72.9,235.44755202416317,76.0,50.2
056080,유진로봇,제조,-36.0135765657021,10.7,8203314921.0,17.1,53.98483372055376,51.8,251.4538177958235,62.0,21.7
348370,엔켐,제조,-11.306000953108034,18.9,102320994523.0,83.1,137.5623071986899,18.0,54.81599122245366,4.4,36.9
009900,명신산업,운송장비·부품,8.879541948168884,76.0,497054350040.0,68.0,91.11538370104188,62.0,203.3669040178026,68.0,71.3
067160,SOOP,IT 서비스,12.161358143047634,70.2,103839406376.0,80.1,69.17732947760369,37.7,208.74404916642456,45.7,67.3
018290,브이티,제조,8.110297954764118,60.1,131668235835.0,88.0,36.80577733558032,65.6,237.56776088009883,60.7,69.2
376300,디어유,IT 서비스,40.27779213256134,96.0,23352261996.0,47.7,26.44672898460627,72.2,668.6056612013685,86.8,77.9
002030,아세아,일반서비스,7.155601205052312,63.5,508745051000.0,92.9,61.33320596575766,57.1,147.6982504621175,44.4,70.0
072710,농심홀딩스,금융,13.565599510595774,61.8,255122039715.0,36.8,44.64452483494155,65.8,115.81661062823171,39.5,53.0
024850,HLB이노베이션,제조,-87.19378267966627,5.8,10589385984.0,20.5,20.642369215184235,80.7,456.1369406552898,80.6,25.2
214430,아이쓰리시스템,제조,12.056174756564037,72.2,39475966068.0,57.4,39.6990705839527,62.0,349.01278533647525,73.2,66.6
005420,코스모화학,화학,3.704365804763524,19.8,206139203617.0,46.9,107.26883644299151,34.4,92.61749454675132,16.7,29.4
126340,비나텍,제조,1.4071020979046938,34.8,35384414517.0,54.3,194.7168640148144,9.6,125.2676417407262,28.3,37.1
030520,한컴,IT 서비스,11.9524334525194,69.5,119951671883.0,82.1,45.193755968201216,50.3,234.22375651901604,51.7,69.6
403550,쏘카,일반서비스,5.629650355086256,58.7,120992525208.0,76.2,209.6975840075735,9.5,59.76739832176816,14.3,54.5
003000,부광약품,제약,2.4741275352914163,51.1,56987922647.0,36.2,39.67122024674069,72.3,233.1836269684184,78.7,51.4
092230,KPX홀딩스,화학,8.573714274784242,58.3,361514254973.0,60.4,35.75457850478296,78.1,311.1757421800024,84.4,63.4
004700,조광피혁,섬유·의류,-6.787745449708256,4.8,21301429933.0,9.5,15.35797364311938,81.0,866.0621838553702,90.5,22.2
477850,마키나락스,IT 서비스,-45.14344584009831,15.2,3992151495.0,11.9,11.98256062429212,94.0,905.5767419266832,90.7,29.7
016590,신대양제지,종이·목재,8.460429905717419,92.3,174536333479.0,53.8,29.56781891855665,76.9,248.080794474883,84.6,78.3
003030,세아제강지주,금융,-4.353066605277104,6.6,1166898744311.0,77.6,144.08821608190522,22.4,98.53893170484538,27.6,31.5
272290,이녹스첨단소재,제조,9.615474031727464,64.9,108666656345.0,84.8,109.23755082202922,24.8,135.55048825677062,34.3,63.6
017900,광전자,전기전자,3.536558207578353,42.2,36825118535.0,17.2,8.436218876272953,96.9,840.661353357721,95.3,45.5
317400,자이에스앤디,부동산,2.9788152654261744,9.5,303336739840.0,100.0,79.96832405191344,85.7,201.33933991100596,85.7,51.9
078340,컴투스,IT 서비스,4.559841835896318,47.0,157019618370.0,85.4,48.5983623123249,49.0,95.47395841238024,10.6,55.8
348340,뉴로메카,제조,-186.62621053702105,3.0,2822194667.0,5.9,148.0968939373088,16.4,72.87939423375977,8.9,5.9
064290,인텍플러스,제조,-57.1080295921955,8.2,8960989867.0,18.0,183.294028436209,11.0,112.73079159107895,23.6,12.7
002810,삼영무역,유통,7.319552864014478,66.3,123412537990.0,57.4,15.574492926943392,91.1,569.6451622003252,94.1,68.8
204620,글로벌텍스프리,금융,19.270679031736755,78.9,46904130950.0,18.4,24.304449171385112,76.3,556.8962599707587,92.1,61.5
104830,원익머트리얼즈,제조,15.800008810291205,80.2,92296563338.0,80.7,22.89584670406499,78.1,211.99387382604164,56.9,78.2
452260,한화갤러리아,유통,10.029591986462329,79.2,150903680822.0,63.4,140.48350944374815,30.7,48.91174380020999,8.9,63.0
357120,코람코라이프인프라리츠,부동산,74.54728088431133,76.2,17385574857.0,61.9,179.83936548081869,47.6,78.17510297490173,71.4,68.1
080580,오킨스전자,제조,23.926806864951867,91.6,35083034144.0,54.2,79.50028469770368,35.9,157.4979989351907,41.7,69.7
003280,흥아해운,운송·창고,6.286822645731912,72.0,49963892319.0,16.0,70.80224833751474,76.0,250.8059701143064,92.0,57.3
344820,KCC글라스,비금속,0.8335490987801569,22.2,577146098537.0,100.0,78.10092348547795,66.7,178.13836653997586,88.9,56.2
042000,카페24,IT 서비스,9.868689123659871,66.9,83427216582.0,74.2,56.91700765332687,45.0,191.1602725190076,40.4,64.3
008730,율촌화학,화학,6.110990350787784,34.4,156111443013.0,39.6,140.64907848025015,20.8,96.28342088656704,20.8,33.2
078130,국일제지,제조,-1.3110615057857888,29.0,15252420662.0,28.1,9.826332215981717,93.3,1041.449733909505,95.8,41.8
439960,코스모로보틱스,제조,-266.7767134606653,2.5,1243441646.0,2.4,14.520580823471384,88.9,699.8784635234173,89.9,19.8
125490,한라캐스트,제조,6.640596522451158,55.4,49036916051.0,64.5,123.7075522213711,21.0,97.13407028201036,16.9,50.9
013030,하이록코리아,제조,28.67595581886973,95.0,59250816361.0,70.4,7.897814934718658,96.6,1438.616046967491,97.9,88.0
130660,한전산업,일반서비스,12.773454078437604,78.6,124664357567.0,77.8,117.0412388229198,27.0,177.05477293950858,53.2,70.1
029530,신도리코,전기전자,-12.335475789226544,12.5,71264703504.0,28.1,6.689361611865744,98.4,915.1898641541744,96.9,34.2
183190,아세아시멘트,비금속,8.48413349384333,83.3,277710635000.0,77.8,93.55653173553704,50.0,106.41946545727718,33.3,73.7
0120G0,삼양바이오팜,제약,2.081336109060333,48.9,35859168673.0,17.0,16.095980891596586,87.2,503.0291137234599,89.4,47.2
475960,토모큐브,제조,-11.818032353309308,18.4,4963787181.0,10.2,9.52713748389875,94.0,1381.9118235566784,97.6,31.3
219130,타이거일렉,제조,20.54958649757954,88.3,33502698085.0,52.6,97.43784666021963,28.7,154.03872739055748,40.2,66.6
306200,세아제강,금속,7.055248151387368,73.6,495160536290.0,73.6,81.42179860941305,49.1,186.86496130686143,67.9,70.2
194370,제이에스코퍼레이션,섬유·의류,12.452834080157556,90.5,453516257267.0,85.7,226.2514303350616,9.5,80.50432409041531,14.3,73.2
486990,노타,IT 서비스,-161.92896514868738,5.3,3823408186.0,11.3,87.81828413110804,27.8,216.16188902406472,46.4,13.1
001940,KISCO홀딩스,금속,-2.503083296154353,7.5,273291781041.0,62.3,11.581543106303243,98.1,1056.0447427775964,98.1,42.1
241770,메카로,제조,17.696740745885766,84.0,25345823739.0,44.6,8.695265995308835,95.2,700.3697950988646,90.1,74.0
368770,파이버프로,제조,20.23301235327601,87.5,13339235265.0,25.6,43.538267718400256,58.8,494.19006903702456,83.4,65.2
064260,다날,IT 서비스,2.9691454201198173,41.1,60530648813.0,66.9,134.83367990926746,10.6,258.1528783908235,56.3,46.4
271940,일진하이솔루스,운송장비·부품,-2.497489191553056,6.0,25881611988.0,4.0,8.216810975979865,100.0,1519.6378530319428,100.0,24.2
389470,인벤티지랩,일반서비스,-5851.509590828718,1.6,175764217.0,2.4,74.77001080507895,50.0,285.597177488103,69.0,13.0
095660,네오위즈,IT 서비스,7.781162604584568,61.6,102073078788.0,78.1,16.35443531013635,87.4,439.002752117711,76.8,70.9
092730,네오팜,제조,22.46666225230538,90.6,43571648895.0,61.5,12.539237584403333,90.8,752.5606566677187,90.9,81.9
015360,INVENI,일반서비스,5.800953865931094,59.5,193743999000.0,83.3,102.63606652803892,34.9,67.7378772127979,15.9,60.2
192650,드림텍,전기전자,0.0406659930693087,25.0,257336437897.0,46.9,84.62115946660373,53.1,127.34699967776524,35.9,35.8
144960,뉴파워프라즈마,제조,13.07304259692344,74.8,208752572461.0,93.6,115.404659125319,23.0,105.39288997745436,19.4,69.8
236200,슈프리마,제조,25.184009179741967,92.8,40339162619.0,57.9,9.49428109115848,94.2,782.8441141844856,91.9,82.4
468530,프로티나,일반서비스,-1132.6167011832604,5.6,349276450.0,3.2,16.612711260226302,89.7,1125.0260687077168,91.3,21.8
031430,신세계인터내셔날,유통,2.388650292530424,41.6,291576304400.0,67.3,57.30634039535937,59.4,159.45357450933483,62.4,53.1
089010,켐트로닉스,제조,5.716499028496836,52.0,175294692609.0,91.7,213.3580181269984,7.2,72.88717457631083,9.1,55.1
092190,서울바이오시스,제조,4.761246639786454,48.4,214143532511.0,94.2,280.28803002846035,4.0,58.65216020404858,5.5,53.4
017810,풀무원,음식료·담배,2.7573596418844764,29.4,893550879136.0,76.5,274.2488798806633,11.8,68.1434749362235,17.6,40.5
025900,동화기업,제조,-0.3703175795190035,30.5,233505042651.0,95.0,165.22100295680622,14.1,28.85241101646224,1.6,45.6
089890,코세스,제조,30.882480130758484,96.6,18555106001.0,33.2,69.98764038734281,41.8,194.4362693307889,53.3,67.5
027410,BGF,금융,11.04320590093862,55.3,123573334568.0,26.3,21.300735584957597,80.3,241.24333285197255,73.7,51.1
126560,현대퓨처넷,통신,9.223784191099345,45.5,71566798000.0,54.5,5.719330966000338,100.0,1190.366709263957,100.0,59.1
215200,메가스터디교육,일반서비스,13.876975476122771,81.0,204742632023.0,85.7,81.1816199535569,46.0,75.94288780272747,20.6,73.4
393890,더블유씨피,제조,-42.77044188351295,10.3,36236878614.0,55.0,116.61861853831287,22.7,37.22024410806537,2.1,24.5
007690,국도화학,화학,8.975888705816704,60.4,534253619365.0,66.7,125.19015062755034,27.1,135.57274868807468,45.8,57.1
025320,시노펙스,제조,-3.5290589170279647,26.1,53806934133.0,67.9,53.49674593800325,52.6,158.79799023103243,42.2,43.1
060980,HL홀딩스,금융,10.338850104797045,47.4,359891618989.0,50.0,116.52726080494406,31.6,67.10957417866292,9.2,43.2
107640,한중엔시에스,제조,-16.31475417585624,16.6,42577655453.0,60.3,203.4165250295848,8.2,108.54048852880572,21.9,29.1
170900,동아에스티,제약,2.8013995631303152,55.3,224659014795.0,76.6,100.97424122188976,29.8,135.8213750366165,51.1,58.3
003800,에이스침대,제조,19.603990910043237,86.9,84791570728.0,78.1,9.386605221645606,94.6,355.412600349498,74.2,84.2
332570,PS일렉트로닉스,제조,5.604561523007505,51.8,74419754157.0,75.6,141.64316125082232,17.6,161.84860399744156,42.9,54.1
105630,한세실업,섬유·의류,6.426972513784087,61.9,561596038206.0,95.2,133.17291745952454,38.1,126.51723896106516,33.3,66.7
170920,엘티씨,제조,16.46900345437823,81.9,140878399396.0,88.9,55.37358619630693,51.0,223.3167343033312,57.8,78.4
092870,엑시콘,제조,13.139753437136278,75.1,31468619657.0,51.5,23.596923880911056,76.8,226.04309070706503,58.6,66.9
036800,나이스정보통신,통신,6.731561558214576,27.3,316161218507.0,72.7,179.1501277265643,18.2,129.78776618227076,54.5,42.0
089590,제주항공,운송·창고,-9.736377816125644,20.0,461809076652.0,68.0,1009.0289110868137,16.0,44.48779419855224,24.0,34.2
097520,엠씨넥스,전기전자,0.7424257375319073,26.6,294668492134.0,51.6,58.7697554088069,67.2,155.64889524098916,51.6,41.0
104700,한국철강,금속,-3.615673721977807,5.7,173809519338.0,47.2,14.834855788722615,90.6,734.9239477513945,96.2,35.6
101730,위메이드맥스,IT 서비스,-45.78001630533545,14.6,33703193754.0,55.0,24.58632761339062,73.5,275.7232266044731,59.6,37.4
005610,삼립,음식료·담배,0.0129990899055478,8.8,847831492826.0,70.6,153.62466274928482,35.3,95.39230715916244,50.0,33.8
114810,한솔아이원스,제조,12.208714270314289,72.4,53737600592.0,67.8,21.286632843336065,79.7,278.6647152152469,65.5,71.3
441270,파인엠텍,제조,7.6991572050969665,59.1,95213286425.0,81.4,113.9549217576527,23.6,102.412847500866,18.4,58.3
004710,한솔테크닉스,전기전자,4.247354749262738,46.9,335110968126.0,53.1,116.07072983276824,39.1,124.77448188281886,32.8,46.7
069080,웹젠,IT 서비스,14.884271458078576,74.2,38008966431.0,58.3,12.935139675344304,92.1,324.03956982429025,66.2,70.9
060280,큐렉소,유통,10.314959773093031,81.2,23617960754.0,22.8,10.478366030753374,93.1,1009.2723545470568,97.0,66.4
006910,보성파워텍,제조,19.37761040164868,86.3,24391145193.0,42.8,14.492939283175463,89.0,613.3929486151663,88.4,73.7
024720,콜마홀딩스,금융,17.800549916284844,72.4,142346681772.0,27.6,47.10628980702384,60.5,127.26715042788382,44.7,55.3
033160,엠케이전자,제조,5.161538028175446,50.1,488955111698.0,98.7,152.08064105483015,15.9,99.22703760763868,17.6,58.0
078160,메디포스트,제조,-129.57334312451613,3.9,18783950501.0,33.5,104.20687774320189,26.2,127.4301411820682,29.2,17.5
215600,신라젠,일반서비스,-275.49912667085187,15.1,2244329076.0,19.8,6.6125759735638265,96.8,1268.3983464529072,92.9,32.5
011930,신성이엔지,전기전자,1.518147195296159,34.4,201805601953.0,42.2,193.9734833758181,10.9,91.20329122929202,12.5,32.2
020000,한섬,섬유·의류,1.2682690430931922,23.8,363202589000.0,71.4,18.1251525456366,76.2,378.8201185392604,76.2,48.6
206650,유바이오로직스,제조,25.818041972290285,93.2,33219694674.0,52.4,31.719307900577917,70.5,397.4013705711612,77.8,77.0
011760,현대코퍼레이션,유통,2.2346190035571007,39.6,2816432723333.0,92.1,319.5724068602164,5.9,117.1173516707437,41.6,51.5
002020,코오롱,금융,5.849957081127685,30.3,1706697417663.0,84.2,191.5899487946577,11.8,59.40594661223343,6.6,42.4
002310,아세아제지,종이·목재,5.422175768851422,69.2,229485570746.0,84.6,23.393668335912885,84.6,225.261219727464,76.9,76.3
036620,감성코퍼레이션,유통,15.540949980730472,90.1,58549423705.0,42.6,28.47544546315529,81.2,458.1827445542798,90.1,74.8
098120,마이크로컨텍솔,제조,33.18763673067851,97.4,41896605609.0,59.7,26.705671057276696,74.4,375.5998126156841,75.8,81.6
290550,디케이티,제조,6.791102469339186,56.2,147976022853.0,89.8,75.26500847061602,38.7,156.77582932016668,41.3,63.0
009160,SIMPAC,금속,5.8193528228615286,66.0,461111549992.0,69.8,105.46828619429336,37.7,105.38478324088707,22.6,60.3
067630,HLB생명과학,제조,-51.57815798878935,8.9,14656102028.0,27.3,65.82752254056969,45.2,57.50093055263841,5.2,18.5
121440,골프존홀딩스,유통,13.587485233863584,85.1,105793610713.0,54.5,46.50008191636146,64.4,116.87891474623508,40.6,69.9
092790,넥스틸,금속,3.279630830868409,35.8,167465318819.0,43.4,79.29254757556484,52.8,146.1583676959491,50.9,41.3
200710,에이디테크놀로지,제조,-2.554892198625508,27.0,45945836761.0,62.5,133.29427371438192,18.8,253.48445841639565,62.5,39.5
084110,휴온스글로벌,제조,9.108102047475825,63.4,214141005638.0,94.1,41.409024878048406,59.8,164.87388978684126,44.3,70.6
005950,이수화학,화학,12.988251708220236,81.2,743435315000.0,71.9,151.09518937742004,17.7,116.820764671242,34.4,67.0
234340,헥토파이낸셜,금융,9.19298402149003,42.1,50136973068.0,19.7,187.5390854687473,13.2,129.98085842939693,46.1,32.2
356680,엑스게이트,IT 서비스,3.0874648435871506,41.7,12091873233.0,29.8,40.59474121487116,56.3,245.4218265965912,55.0,40.9
015860,일진홀딩스,금융,11.040419608348968,53.9,714369307706.0,68.4,97.44152989716818,42.1,159.44191486405143,60.5,57.4
348210,넥스틴,제조,-3.774576745407738,25.6,20832585957.0,37.8,76.12954231544637,38.4,164.49611236488627,43.8,32.3
200880,서연이화,운송장비·부품,4.070448675474417,36.0,1254454868837.0,78.0,151.9207181240463,48.0,90.31265807504532,22.0,48.9
005720,넥센,화학,4.865406433821367,27.1,1008641751938.0,82.3,114.89678606905296,29.2,148.07429009257908,52.1,45.9
018000,유니슨,제조,-85.76054555711352,6.0,5763640730.0,12.3,171.33447261636348,12.7,42.23059381431413,2.8,8.4
417840,저스템,제조,31.63103351148028,96.7,29324457317.0,49.5,65.30328730230167,45.7,131.8186085858351,31.7,71.2
025860,남해화학,화학,2.558750616049829,15.6,504927562927.0,65.6,101.9922261513716,37.5,147.2856769924057,50.0,36.0
009290,광동제약,제약,0.6417692093135472,34.0,439815610353.0,85.1,85.87088047424362,36.2,134.06974540099085,46.8,50.6
069540,빛과전자,제조,-47.99380241382904,9.4,4329240330.0,8.7,24.435071485762798,76.2,357.44251859831263,74.7,22.4
016800,퍼시스,제조,-6.184229920299303,22.0,87598314290.0,79.1,12.806098381344752,90.4,356.7195593280434,74.3,51.5
018250,애경산업,화학,2.3313599135117458,13.5,194164692923.0,45.8,29.28908726979412,84.4,292.1316834142281,83.3,37.3
078520,에이블씨엔씨,화학,15.953222519569676,90.6,65238290817.0,19.8,110.78919022196528,32.3,196.56642528286704,66.7,60.5
093520,매커스,유통,19.50367751207731,92.1,66835794644.0,45.5,133.00012469029735,34.7,168.24804415456055,63.4,68.9
012030,DB,IT 서비스,5.613472822867233,51.0,229964349367.0,90.1,113.01304788056486,17.9,74.2448808571217,6.0,55.2
003350,한국화장품제조,화학,19.601578941908738,93.8,71182564335.0,20.8,96.11236017561724,42.7,335.1804408290997,86.5,65.2
187660,페니트리움바이오,일반서비스,-87.85422977575979,23.8,2115649294.0,18.3,48.83253062133764,61.9,48.530217084630834,7.9,25.5
001230,동국홀딩스,금융,3.0618999924372976,11.8,656942780812.0,65.8,45.8518280427172,63.2,138.18518050768128,52.6,37.4
381970,케이카,유통,-7.659012049835693,9.9,439157235896.0,73.3,179.8331279204324,15.8,115.8928957934525,39.6,32.0
108670,LX하우시스,화학,5.842659084040303,31.2,939692000000.0,79.2,160.8467805598631,15.6,113.27286778803747,29.2,43.6
079370,제우스,제조,-11.69456068562882,18.5,82392309254.0,77.6,66.15952590410274,44.7,209.86860069846364,56.5,42.4
455900,엔젤로보틱스,제조,-442.2055937859377,1.5,788302493.0,1.4,17.055810830939805,84.6,1528.342716967648,98.2,19.2
096760,JW홀딩스,금융,20.183222373549903,82.9,266470257393.0,39.5,97.55173738023424,40.8,79.47783315885188,17.1,59.6
101930,인화정공,제조,16.128480730195903,81.0,31829877537.0,51.8,21.732675056522684,79.3,287.2697938903814,66.0,70.8
199800,툴젠,일반서비스,-1414.507874007748,4.0,487200054.0,4.0,10.35204357598825,92.9,610.1945725808522,85.7,21.2
039440,에스티아이,제조,3.996771693960619,46.1,72460474672.0,74.8,18.53174538140429,83.0,446.5190574788663,80.2,61.9
078350,한양디지텍,제조,5.962266110921092,53.0,258011869427.0,95.3,86.44469969284637,33.5,131.57614356653303,31.2,61.6
126720,수산인더스트리,건설,6.330118200531731,63.0,92617220410.0,37.0,23.01410303091171,91.3,459.8733859824263,91.3,60.9
352480,씨앤씨인터내셔널,제조,2.18304913216358,37.7,73321341715.0,75.4,20.03995130350236,81.4,350.229847427259,73.4,57.1
002710,TCC스틸,금속,0.640455554209839,20.8,182686709688.0,49.1,130.313192519399,26.4,129.8779133774215,37.7,31.3
448900,한국피아이엠,제조,1.7116161066625757,36.0,10502526840.0,20.4,65.82853164499326,45.1,163.48589908663254,43.3,33.0
330860,네패스아크,일반서비스,16.49542941145504,84.1,30932193329.0,50.0,66.15260823492939,52.4,296.244251728157,71.4,69.0
272450,진에어,운송·창고,-20.289711409718265,8.0,360297536785.0,64.0,635.7235123534217,24.0,106.08733946697777,60.0,30.9
244920,에이플러스에셋,금융,5.085425662248656,27.6,198958559145.0,32.9,98.01860424243372,39.5,202.49311827490112,69.7,34.0
035810,이지홀딩스,제조,6.199026777204077,53.7,913907757736.0,99.6,146.78178148306034,17.1,103.94411598685444,19.0,60.3
025770,한국정보통신,통신,5.025852282167847,18.2,237610744000.0,63.6,82.89104240050254,63.6,185.3217866140745,72.7,41.6
168360,펨트론,제조,5.804778141030945,52.4,24004276738.0,42.3,137.0045870657337,18.1,109.07199525815916,22.0,42.8
117730,티로보틱스,제조,-13.029536604866845,17.9,10837745653.0,21.2,60.57481635763746,48.4,163.74761716511753,43.5,24.6
092460,한라IMS,제조,21.46228656552396,89.0,42836209124.0,61.1,46.431081542513006,56.8,229.37565812869667,59.6,74.4
472850,폰드그룹,유통,14.553086423663162,89.1,149183477724.0,62.4,78.61595955505126,55.4,152.42850750037698,58.4,74.6
200670,휴메딕스,제조,23.174957797775736,90.8,50421305087.0,65.6,8.59693506105223,95.5,729.829676443324,90.6,83.8
294570,쿠콘,IT 서비스,27.606730414748583,90.7,17958595022.0,41.1,92.56272375802216,24.5,121.0482702196037,18.5,62.1
001390,KG케미칼,화학,3.522045524409628,18.8,2581225451600.0,92.7,127.03689291445068,26.0,112.9454063623286,28.1,42.6
084010,대한제강,금속,4.20208260534561,45.3,387727240066.0,67.9,40.8357041197368,77.4,240.44157825669816,75.5,58.3
110990,디아이티,제조,33.88658882440544,97.7,41600866275.0,59.4,15.321244017906622,87.5,643.5226055039052,89.0,84.3
091580,상신이디피,제조,7.437835195362748,58.3,86036945965.0,78.5,120.28103106468104,22.0,93.28485896873838,14.7,56.5
017890,한국알콜,제조,13.393824664619984,75.8,128648249611.0,87.4,18.0566363538958,83.2,540.7447363701666,85.6,81.0
035600,KG이니시스,IT 서비스,7.694403204041428,60.9,371847338764.0,92.7,160.0018074053871,7.3,94.42968174398032,9.9,59.9
054950,제이브이엠,제조,27.42761926386632,94.2,49306359684.0,64.9,36.94172167289413,65.5,271.8419804345953,64.6,79.6
084690,대상홀딩스,금융,3.96752664528029,14.5,1497729948624.0,81.6,222.53765907837655,9.2,104.70116307376487,30.3,35.3
377450,리파인,IT 서비스,34.43956930383389,94.7,14114004531.0,33.1,4.643552018943828,100.0,2057.973915517128,99.3,77.2
265520,AP시스템,제조,5.891971577340878,52.6,162843598277.0,91.1,82.63917241892881,34.5,193.94681195580745,52.8,62.0
033270,유나이티드제약,제약,17.220238327600317,89.4,77221337754.0,55.3,14.813855908209655,91.5,552.1383244847179,91.5,79.6
051500,CJ프레시웨이,유통,2.549197738106624,43.6,923161888237.0,78.2,319.3763490391406,6.9,77.21518539590573,20.8,47.8
042520,한스바이오메드,제조,12.870957925267833,74.1,34485876372.0,54.0,99.97508573700983,27.8,124.18087558323224,27.5,58.8
091810,트리니티항공,운송·창고,-38.744437544844,4.0,469700730249.0,72.0,2311.601477205545,8.0,83.88279337811501,36.0,27.4
002900,TYM,기계·장비,10.512724595287835,70.4,262526157409.0,77.8,92.03779381486682,48.1,140.50203454664904,40.7,67.6
481070,에이유브랜즈,유통,20.725906795311808,95.0,30272543117.0,28.7,46.304113337780905,65.3,347.9063756587793,83.2,70.6
159010,아스플로,제조,13.935741244301289,76.7,31714304453.0,51.6,143.65489420776464,17.5,128.6386293810933,29.6,58.3
036890,진성티이씨,제조,7.5188012612476225,58.6,152844599740.0,90.2,71.95336784914598,40.6,168.8037547218052,45.6,64.9
376270,HEM파마,일반서비스,-62.50281634005249,25.4,4574549685.0,24.6,250.11705983705457,7.1,65.90008599998986,15.1,22.1
058430,포스코스틸리온,금속,3.2150021739368086,34.0,298198950555.0,66.0,33.44395309892387,83.0,279.3643280120081,83.0,53.4
043150,바텍,제조,20.165273854803612,87.4,121362551529.0,85.8,38.24654886751742,64.6,319.00465630806065,69.6,82.8
136480,하림,제조,4.064169762088339,46.5,425793631000.0,98.4,169.47660383808676,13.4,74.98085535125189,9.6,55.1
482630,삼양엔씨켐,제조,14.699889458894429,78.5,38008074718.0,57.1,19.275271976553377,82.1,374.0608473778556,75.7,72.3
064550,바이오니아,제조,1.2231007789681991,34.4,96153096476.0,81.6,69.73918566213682,41.9,200.08012722183568,54.4,51.1
003960,사조대림,음식료·담배,2.3249791406877014,26.5,879223955831.0,73.5,216.94659688195745,17.6,76.66095933305513,26.5,39.5
017390,서울가스,전기·가스,-0.8524488823476976,10.0,275500139496.0,40.0,42.70644779928781,100.0,361.6492997268401,100.0,37.0
049070,인탑스,제조,1.204586837597167,34.3,155007375286.0,90.7,15.35016011462952,87.4,460.8169801797257,81.0,61.3
287840,인투셀,일반서비스,-290.2368165203855,14.3,760301096.0,7.1,85.72337489567136,42.9,184.57202837552555,54.8,18.8
037710,광주신세계,유통,28.74119980187376,97.0,48351900167.0,36.6,38.94041599149465,71.3,10.115179215942137,1.0,68.1
061970,LB세미콘,제조,9.04944533951835,63.2,144854953991.0,89.4,132.01987282192368,19.1,71.91928266932749,8.8,61.4
334890,이지스밸류플러스리츠,부동산,11.221936732577872,14.3,2032083048.0,4.8,33.614414927491,90.5,18.106562722747803,33.3,22.1
439090,마녀공장,제조,9.780012831754666,65.1,25810066402.0,45.5,13.541793959853576,89.7,921.2444077006824,94.3,64.5
123330,제닉,제조,20.29553753476144,87.7,49209965806.0,64.7,62.96887826876818,47.2,182.8411325832319,50.6,73.0
448280,에코아이,일반서비스,34.7093823142753,96.0,17756462213.0,38.9,15.494291622792966,90.5,1599.4693547733727,94.4,78.1
286940,롯데이노베이트,IT 서비스,4.509382325086313,45.7,274495717299.0,92.1,87.22825773339036,28.5,126.08001034039948,19.9,55.5
004430,송원산업,화학,12.1186938561805,76.0,328509000000.0,58.3,60.91683603694329,62.5,204.56551914185692,68.8,68.5
138080,오이솔루션,제조,-4.427815956257255,24.7,19651552517.0,34.9,52.62608723503076,53.1,172.85372644495916,47.0,33.0
228760,지노믹트리,일반서비스,-313.8974836030505,11.9,842315518.0,9.5,2.0315740986698296,99.2,6084.839909531223,100.0,28.7
010690,화신,운송장비·부품,1.1638358012513674,18.0,498388345913.0,70.0,199.37420643958689,24.0,107.72920704650896,36.0,35.8
484590,삼양컴텍,제조,24.541963130942385,92.2,46789798590.0,63.0,68.55098815909727,42.9,172.22798879386465,46.7,73.9
010820,퍼스텍,금속,3.699819409783633,39.6,92241612171.0,28.3,406.2741981177665,5.7,87.76964270619149,13.2,30.0
389650,넥스트바이오메디컬,제조,-20.948079795822284,14.6,4935531419.0,10.1,29.32273630366118,72.7,501.6189313890145,84.1,25.8
091700,파트론,제조,1.260847374544942,34.5,355039030209.0,97.5,40.68989805680119,60.3,201.2357625479898,54.7,58.1
122900,아이마켓코리아,유통,1.7590043479296686,35.6,1007697787266.0,80.2,240.44813493653143,7.9,101.8326319878444,35.6,45.7
036200,유니셈,제조,6.672835582324346,55.5,80144122690.0,77.2,17.47448465581828,84.1,433.1689111523153,79.8,67.4
003120,일성아이에스,제약,-9.1459248822733,23.4,17090884674.0,8.5,3.757761282793105,100.0,2041.5776558374648,100.0,34.2
317330,덕산테코피아,제조,-25.03908186763902,13.1,42181814089.0,60.2,702.2644890870124,0.6,32.739713543636704,1.8,24.8
488900,비츠로넥스텍,제조,-46.76886072008882,9.7,6670405539.0,14.9,121.62214280697026,21.5,139.6888262906561,35.8,14.8
020120,키다리스튜디오,IT 서비스,8.561496546420564,65.6,64427044210.0,69.5,68.51222781804836,38.4,109.5083783383447,14.6,59.4
000430,대원강업,운송장비·부품,8.153895038558115,72.0,472011656000.0,66.0,94.8828742221134,60.0,104.72823954484863,34.0,65.7
098070,한텍,제조,22.868506398740365,90.7,46339420661.0,62.7,36.2154757175453,66.1,226.8133288147625,59.1,76.8
309710,아이티켐,제조,-18.373518704831728,15.4,15090540514.0,28.0,206.06957578424533,7.9,65.65416266693673,6.7,17.6
151860,KG에코솔루션,제조,2.40223558253861,39.2,2150308765155.0,99.9,118.97664422382724,22.4,120.10182996495084,26.3,54.4
200130,콜마비앤에이치,제조,7.98483940351887,59.6,127232675469.0,87.2,49.13001045947749,55.3,251.94728696865735,62.1,67.6
267980,매일유업,제조,4.251075742865782,47.0,480004585598.0,98.6,53.66590640091676,52.0,304.75646394663323,68.4,64.8
024840,KBI메탈,제조,4.5972561824177465,48.1,279852511248.0,96.1,147.51979691167867,16.5,150.67901753257814,39.2,58.0
182400,엔케이젠바이오텍코리아,제조,-6.075391641277077,22.2,2138035746.0,4.4,92.63835209089584,31.5,185.3483597251993,51.0,20.3
160980,싸이맥스,제조,18.05922380594205,84.6,62515652939.0,71.8,26.224281352217048,74.9,344.3163843138751,72.3,78.6
004310,현대약품,제약,1.7563121678058606,44.7,55585357882.0,34.0,75.47170676579421,46.8,169.2120291991212,61.7,43.1
217590,티엠씨,전기전자,1.261408373326819,29.7,106351589332.0,34.4,103.11576855377427,45.3,126.47066473449284,34.4,33.4
099440,스맥,제조,3.368407669376493,43.7,47760971382.0,63.7,221.51655764985145,6.7,134.88849403035482,34.0,44.5
060720,KH바텍,제조,4.7888032983696895,48.5,103888068898.0,83.4,78.79188377989523,37.0,133.95885930155688,33.2,56.4
004360,세방,운송·창고,2.7521016258594018,44.0,307315327731.0,52.0,24.661155635825807,96.0,142.61212107504775,76.0,55.2
200470,에이팩트,제조,2.453769775390939,39.5,45223916446.0,62.2,212.35679437188676,7.3,84.52353659284971,12.1,40.3
461300,아이스크림미디어,IT 서비스,41.88553466065265,96.7,77184300229.0,73.5,28.01577626734812,70.2,397.2349930902364,72.8,84.6
007160,사조산업,음식료·담배,8.776076336703738,82.4,186669459568.0,41.2,111.47965656874234,55.9,74.77044362608268,23.5,62.1
243070,휴온스,제조,1.9917244890458017,37.2,146980812512.0,89.5,60.44672621758468,48.6,140.79880279613522,36.3,54.2
008490,서흥,화학,10.56455430280542,69.8,212900400976.0,47.9,91.75669251288024,43.8,131.41506829720953,44.8,58.1
121800,비덴트,제조,-68.12484231748775,7.1,3112694572.0,6.3,9.302830833845386,94.7,633.7383221315806,88.8,23.9
378340,필에너지,제조,-298.8019115946694,2.1,2390732760.0,5.0,78.44838456116095,37.2,137.94230847568446,35.0,9.8
047920,HLB제약,일반서비스,-0.0497158697745978,41.3,62277890622.0,65.1,36.15204550513368,71.4,188.4245182398901,56.3,53.3
005430,한국공항,운송·창고,7.433010464041473,80.0,173873700024.0,28.0,34.89234188775073,88.0,257.7096316825543,96.0,66.6
003920,남양유업,음식료·담배,0.4954044648755706,14.7,258038155817.0,44.1,16.96205377951867,100.0,317.5067210984849,97.1,40.3
377460,큐에이드,일반서비스,-2.973097684222418,38.1,23530444079.0,46.0,187.68641749044525,11.9,39.83773722497781,5.6,34.7
011560,세보엠이씨,건설,6.230865945727052,60.9,289840009644.0,69.6,70.05087817691754,69.6,211.520254268988,73.9,65.6
001790,대한제당,음식료·담배,3.974490904025492,41.2,336628472000.0,47.1,148.19471915335768,38.2,161.75093278729597,76.5,45.4
005500,삼진제약,제약,8.980198180335442,68.1,79630293312.0,57.4,59.61195426122017,57.4,132.2188682237079,42.6,61.6
180400,DXVX,일반서비스,-94.2402115862988,23.0,6404418470.0,28.6,28.14318800559907,81.7,414.25688412427553,79.4,36.2
045390,대아티아이,제조,5.901989243340398,52.8,30464709505.0,50.5,83.46799033899475,34.3,159.64799550430985,42.6,49.1
023410,유진기업,제조,3.868989296849586,45.3,368273504132.0,97.7,180.6267134774647,11.5,107.68747271174148,21.3,55.0
003200,일신방직,섬유·의류,9.016823004763898,81.0,138516423594.0,57.1,19.40114882886595,71.4,371.9740942435496,71.4,71.9
108860,셀바스AI,IT 서비스,5.3384253756919335,50.3,33344024534.0,54.3,19.774590696384703,78.8,427.95937621218377,75.5,56.9
298690,에어부산,운송·창고,-15.092334922076928,16.0,235319319021.0,40.0,1646.6579555583185,12.0,33.87811655280129,20.0,23.0
003070,코오롱글로벌,건설,6.956528345624362,71.7,750494505249.0,87.0,321.8696084603017,10.9,80.70904272263216,10.9,64.1
389500,에스비비테크,제조,-109.1721531939561,4.9,2703873668.0,5.5,41.36961808854299,59.9,136.57275449281764,34.6,14.1
136490,선진,음식료·담배,8.020011942639616,79.4,541130013763.0,58.8,140.2786978320866,47.1,106.99062844700369,55.9,67.5
044820,코스맥스비티아이,금융,6.804176459161949,35.5,238977044740.0,34.2,204.41137338914425,10.5,60.16891245773908,7.9,29.9
100120,뷰웍스,제조,16.745302044512393,82.6,63877066586.0,72.2,41.987844983389664,59.4,207.34688066897704,56.2,74.6
226320,잇츠한불,화학,14.767330951253388,85.4,49663192944.0,13.5,5.857108284034875,100.0,1439.325428676159,100.0,66.8
065680,우주일렉트로,제조,0.9943058183581508,33.1,44983936606.0,62.1,30.27408485978875,71.5,336.30212466157855,71.0,49.4
475560,더본코리아,유통,-6.68376887290368,11.9,83216576482.0,50.5,29.641075320488763,78.2,356.3265114149153,85.1,37.3
005680,삼영전자,전기전자,7.465730911011908,67.2,41685108787.0,21.9,8.64041062900664,95.3,1211.7612172739243,98.4,59.5
304360,에스바이오메딕스,제조,-76.5399114570521,6.7,4816104615.0,9.7,92.2582880098033,31.7,655.7324583135537,89.4,17.2
089980,상아프론테크,제조,6.411612543964703,54.4,55832322734.0,68.6,92.51097058174108,31.6,101.66856349497516,18.1,53.0
452430,사피엔반도체,제조,4.319383534336279,47.1,7214957818.0,15.2,93.915051207502,30.9,97.08557116198932,16.6,33.1
404990,신한서부티엔디리츠,부동산,72.97193507204524,71.4,15531917798.0,52.4,213.2663014344841,33.3,32.940137872265524,61.9,60.4
025000,KPX케미칼,화학,9.404967996081046,63.5,244962263727.0,53.1,38.45907389430383,75.0,228.8814526179636,74.0,62.6
000680,LS네트웍스,유통,2.6503396770742853,45.5,2379092704887.0,89.1,1083.2402479384143,2.0,100.93857563163267,34.7,52.5
237880,클리오,제조,13.38321247703514,75.7,86805271275.0,78.8,29.667271800740718,72.3,404.9308667175577,78.3,76.4
0030R0,대신밸류리츠,금융,70.57028097234964,96.1,9454944600.0,6.6,146.514930681425,21.1,578.7905760336376,93.4,60.0
068930,디지털대성,일반서비스,21.89267853232946,89.7,69024696296.0,66.7,86.30604360932224,42.1,43.849727063963634,6.3,70.4
064820,케이프,제조,1.7340162946665685,36.1,161093349964.0,90.9,1348.0293214520427,0.3,107.11445518335675,20.8,47.0
000490,대동,기계·장비,8.827716885643047,55.6,467080858518.0,85.2,237.6055190698796,11.1,98.49521048950984,14.8,55.9
053690,한미글로벌,일반서비스,5.221571603479699,57.1,119662587866.0,75.4,84.24040251927285,43.7,174.53007800967023,52.4,60.6
394280,오픈엣지테크놀로지,IT 서비스,-212.5715719751677,3.3,2942294271.0,9.9,128.1994889043886,11.9,156.19906991518243,30.5,8.5
065710,서호전기,제조,17.528009173989815,83.9,23953326783.0,42.1,32.485515747489444,69.8,325.16302389660854,70.3,68.6
003650,미창석유,화학,5.999467690005981,32.3,135946149449.0,37.5,14.551449619293058,94.8,1087.810635347685,99.0,46.7
092200,디아이씨,운송장비·부품,4.439863917298492,42.0,196618790364.0,44.0,301.32183402196074,8.0,76.28260223700035,4.0,35.5
001460,BYC,섬유·의류,6.891265678558186,71.4,43426502657.0,28.6,38.00416345408797,61.9,151.93385621880378,47.6,55.5
389260,대명에너지,건설,13.40432569582419,93.5,25345510562.0,15.2,127.05441171846302,50.0,160.4388422377553,54.3,61.7
114190,강원에너지,제조,-0.1990905806368299,30.9,47481157922.0,63.4,150.36578280655178,16.2,121.0203600432339,26.6,38.5
002320,한진,운송·창고,3.452160352122517,56.0,864122121548.0,76.0,185.9199596677987,44.0,84.9083005921256,40.0,59.3
243840,신흥에스이씨,제조,3.9496816325047295,45.8,131556472229.0,87.9,146.98404542178164,16.8,68.36094565114382,7.7,51.9
094480,갤럭시아머니트리,IT 서비스,15.590922365730997,76.8,35926429589.0,57.0,240.11044019725225,3.3,124.74819989718962,19.2,57.4
071200,인피니트헬스케어,IT 서비스,19.33237520009179,82.8,25485285631.0,50.3,27.18901198276818,71.5,591.4198448349832,83.4,71.7
086390,유니테스트,제조,15.59734934853531,80.0,50527384903.0,65.7,94.72556312517824,30.2,156.5942972904507,41.2,66.6
043370,피에이치에이,제조,3.5924941642613457,44.1,316817781257.0,97.0,37.43858759366408,65.4,219.762343351003,57.4,63.6
462860,더즌,통신,24.25614235506676,90.9,15006965447.0,36.4,180.37768744825328,9.1,139.3668924014903,63.6,62.6
001340,PKC,화학,7.6117180007894785,44.8,71575091713.0,21.9,177.8038332781135,12.5,38.882958575621714,2.1,30.6
053030,바이넥스,제조,-24.210835956043454,13.4,37809540714.0,56.9,93.6719959228729,31.0,132.8255018526794,32.4,30.1
348950,제이알글로벌리츠,부동산,80.58427272716777,85.7,42705002715.0,81.0,143.27571560845186,76.2,25.242440507115184,47.6,80.1
036030,케이티알파,유통,13.201714530969957,84.2,96365650137.0,53.5,54.5740820603029,61.4,253.9699198779609,74.3,71.5
034120,SBS,오락·문화,2.7311257284733106,38.2,285351328163.0,82.4,69.62687112191894,35.3,183.38732819945915,47.1,51.8
000050,경방,유통,9.534957302988513,76.2,117107557435.0,56.4,54.322832953236485,62.4,73.5300053691325,18.8,64.0
365270,큐라클,일반서비스,32.82840920599579,93.7,7184603330.0,31.0,27.2970156805809,83.3,193.57117626719992,57.9,70.8
000320,노루홀딩스,금융,8.65229032749741,40.8,356230184776.0,48.7,64.6581529787865,57.9,180.344802257782,67.1,47.3
0008Z0,에스엔시스,제조,14.78229352716105,78.8,41075547288.0,58.8,36.23741382615404,66.0,267.0722669994814,64.0,70.1
001470,삼부토건,건설,-31.599993061590244,6.5,21981751624.0,13.0,181.69590397095047,32.6,79.00413279507852,8.7,11.8
215000,골프존,IT 서비스,6.544815596847043,53.6,101208044199.0,77.5,41.11941508456009,55.6,289.2960429767087,60.9,61.6
073490,LIG아큐버,제조,8.863999815914662,62.6,63669078996.0,72.0,46.21895974687252,57.1,226.49482743585637,58.8,64.5
134380,미원화학,화학,23.096030537626003,96.9,105425225124.0,29.2,31.197609231194868,82.3,377.953547561293,88.5,74.2
254490,미래반도체,유통,8.276733798457984,70.3,340148059386.0,69.3,124.66061382891884,38.6,230.97388539961835,72.3,66.4
009680,모토닉,운송장비·부품,7.890587201303667,68.0,73661865888.0,18.0,10.29792648442642,96.0,988.3285526480008,98.0,58.8
416180,신성에스티,제조,2.792030493909783,40.8,59873653624.0,71.0,161.89428926091486,14.2,170.05288324849565,45.7,47.1
046970,우리로,유통,17.347508728596747,91.1,14727621026.0,18.8,42.17584800783915,67.3,295.0911446326717,78.2,65.5
033920,무학,음식료·담배,6.360547712330768,76.5,37902358508.0,5.9,25.766137172384237,94.1,40.49753491295888,2.9,51.5
445090,에이직랜드,제조,13.358165920343763,75.4,59739940884.0,70.8,170.49443814991042,13.1,151.45333973615652,39.5,63.7
044450,KSS해운,운송·창고,20.02056326504824,92.0,159897316515.0,24.0,229.9825795707577,36.0,55.5391725947248,28.0,59.8
0011T0,채비,제조,-34.661214827078936,11.0,28953504371.0,48.7,63.46048619571699,47.1,182.4798069786654,50.1,29.8
456010,아이씨티케이,제조,-112.55628946442538,4.8,1723536118.0,3.3,47.55807655726322,56.2,248.4939365353084,61.6,15.1
001250,GS글로벌,유통,1.032477316396258,30.7,1134888565000.0,83.2,187.52544451415773,13.9,127.60681636488742,44.6,45.5
011500,한농화성,화학,10.746898999158338,71.9,72385860392.0,22.9,46.94195963366056,69.8,314.9811298605169,85.4,58.0
206640,바디텍메드,제조,16.341986779831217,81.6,50417300179.0,65.5,16.132771511144657,85.9,546.1041759156349,85.9,77.6
095500,미래나노텍,제조,2.4373349632583485,39.4,106692096704.0,84.4,94.57214564469398,30.5,101.54075832953188,18.0,50.1
061090,세나테크놀로지,제조,23.85691354220201,91.4,75459826780.0,76.1,21.12827011014296,80.0,484.2638510775253,82.5,84.7
019010,베뉴지,유통,41.72135300572821,100.0,14064019245.0,17.8,49.00802707957138,63.4,307.68298804461085,80.2,69.4
005710,대원산업,제조,5.077224720267757,49.9,258546932197.0,95.5,30.497734390686297,71.3,351.69056399822773,73.8,68.1
042370,비츠로테크,금융,9.59147586886868,46.1,123206867635.0,25.0,40.38125017346333,68.4,313.9552003454063,82.9,45.4
353810,이지바이오,제조,10.166957193221652,66.8,148130264727.0,89.9,192.18228181690628,10.2,123.50653448271358,27.3,63.8
432320,KB스타리츠,부동산,60.976511373702,38.1,16331438209.0,57.1,337.2853070871801,9.5,26.61546676742877,52.4,41.5
314930,바이오다인,제조,-115.89228821255068,4.5,587322126.0,1.0,0.8614036099773956,99.5,4594.6756571415535,100.0,22.5
067390,아스트,제조,6.706554709208704,55.7,56996960537.0,69.8,73.12617630668034,40.1,186.71410130207312,51.3,57.7
290690,아리바이오홀딩스,제조,-25.856099889179,12.7,10651620553.0,20.8,72.97859451656629,40.2,49.6115881586182,3.7,17.7
0082N0,카나프테라퓨틱스,일반서비스,-6265.250334000743,0.8,74959414.0,0.8,4.364101094353187,97.6,3630.731092078168,98.4,20.2
298000,효성화학,화학,19.599773254404223,92.7,871289334302.0,77.1,193.07937151479976,9.4,57.36313644340502,3.1,70.9
035150,백산,화학,12.919856953706184,79.2,126464943045.0,34.4,67.39734369584336,61.5,183.62421165325785,62.5,62.3
014940,오리엔탈정공,제조,14.77838355371857,78.7,59676885479.0,70.7,66.90309411327871,44.0,122.8099301555532,27.2,68.0
036710,심텍홀딩스,일반서비스,10.311338044591976,72.2,558207126719.0,93.7,349.53915316928874,2.4,69.42064661558246,17.5,65.9
241520,DSC인베스트먼트,금융,71.61481504380599,97.4,16987618511.0,10.5,47.04152944412903,61.8,70.6729781528216,10.5,60.1
217730,강스템바이오텍,제조,-944.263470716081,0.8,641994657.0,1.1,20.977064119555862,80.5,395.9253907400165,77.6,16.6
144510,지씨셀,일반서비스,-2.425933295478832,38.9,41603971176.0,55.6,77.03527172756273,48.4,51.92764569483881,10.3,42.8
000650,천일고속,운송·창고,-8.721714124210106,24.0,12363550853.0,4.0,707.2807446292655,20.0,9.556374951209714,4.0,15.9
000480,CR홀딩스,비금속,0.0310960683120571,11.1,200819600000.0,66.7,96.7027428594154,38.9,101.13523409626636,27.8,32.5
017860,DS단석,화학,2.028437194070745,12.5,310076582523.0,57.3,257.03261531311,5.2,85.00478219384372,12.5,25.1
003720,삼영,화학,13.278123200275337,83.3,54043032225.0,15.6,117.97831692028812,28.1,120.06304097399288,35.4,52.5
194480,데브시스터즈,IT 서비스,-30.330429444438955,21.2,52668441033.0,64.2,100.2404687673133,23.2,311.6549431145794,64.9,37.8
307180,아이엘,제조,11.108260557710189,69.8,24870125990.0,43.7,288.1871294273649,3.7,54.715180259345175,4.3,48.8
475400,씨메스로보틱스,제조,-127.40995520242087,4.3,3744361935.0,7.1,23.03564450771417,77.7,468.129075477069,81.5,20.1
052330,코텍,제조,12.37409018997701,73.0,129613502292.0,87.7,22.141948399841496,78.5,412.2458694935325,79.0,78.6
125020,티씨머티리얼즈,제조,3.077907914981001,42.3,123830504787.0,86.4,80.71479539892219,35.1,171.46630651418968,46.2,55.0
099430,바이오플러스,제조,24.593331701608623,92.3,25401735864.0,44.7,48.05824577771406,55.5,94.78526776087122,15.7,67.5
446540,메가터치,제조,18.9236295500797,85.6,25216164734.0,44.2,15.059044697794958,88.2,492.9563796999621,83.0,73.3
005010,휴스틸,금속,-0.3329144029276745,11.3,242023351923.0,56.6,34.88150752898644,81.1,211.67637406208735,73.6,38.2
318060,그래피,제조,-58.80091436092365,7.9,6278652829.0,13.9,107.10613633273258,25.1,116.01856057564588,24.6,13.1
203650,드림시큐리티,IT 서비스,7.535641079525613,57.6,108304341195.0,81.5,292.383392356445,2.0,65.30161446590104,3.3,53.8
003520,영진약품,제약,-2.431638177212379,27.7,61578186345.0,40.4,163.93296086056682,8.5,147.2590447095357,55.3,31.4
067080,대화제약,제조,8.061455687750811,59.8,41291264989.0,59.2,157.03109855609554,15.0,55.70449859168788,4.5,49.8
004980,성신양회,비금속,3.762726173118512,44.4,503228825772.0,94.4,122.65122074209292,16.7,78.10526795039064,16.7,53.9
134580,탑코미디어,IT 서비스,23.675875070287457,88.1,15488193742.0,35.8,74.4950635201714,34.4,114.95433585715293,17.2,60.3
036190,금화피에스시,건설,12.276813515197816,91.3,137037842321.0,52.2,26.842769069019973,84.8,374.712111157517,87.0,78.4
484810,티엑스알로보틱스,제조,-15.3864940106839,16.9,10143464547.0,19.6,65.79116090674664,45.5,185.91436721173028,51.1,23.9
419530,SAMG엔터,오락·문화,5.525998153211756,47.1,37458325946.0,47.1,45.0554813318697,55.9,267.57705410596066,61.8,49.3
380540,옵티코어,제조,-55.29523010820402,8.4,3387568941.0,6.5,403.8992385369533,1.3,79.02130737975482,10.5,7.1
304100,솔트룩스,IT 서비스,-30.538429752373855,20.5,11526290872.0,29.1,61.85090665316429,41.7,156.34010964054988,31.1,26.5
058970,엠로,IT 서비스,-6.254357643327194,26.5,17766244375.0,40.4,17.310525976767522,84.8,348.179916115393,69.5,41.1
085910,네오티스,제조,19.90953231866372,87.2,22575611642.0,39.9,75.24879163958543,38.8,223.94587787366623,57.9,64.9
194700,노바렉스,제조,10.77427771039594,68.8,101784947806.0,82.9,40.10898769275544,61.6,249.1555346434944,61.7,71.6
037270,YG PLUS,IT 서비스,7.662476816066093,59.6,62117127350.0,68.2,48.856692248811854,48.3,195.60673412575545,41.7,59.4
053300,한국정보인증,IT 서비스,23.13336258680132,87.4,36910570761.0,57.6,70.43498969302736,36.4,158.8135219466883,31.8,67.9
018310,삼목에스폼,제조,-3.691351335903834,25.9,82875525021.0,77.7,20.50980382787822,80.9,342.54229562533857,72.0,51.7
088260,이리츠코크렙,부동산,78.53021103135296,81.0,11668128055.0,33.3,219.4710727877324,28.6,265.3318716891169,90.5,61.2
100250,진양홀딩스,화학,2.845747893275876,16.7,77315958072.0,24.0,51.54908959102379,65.6,258.10409044771825,78.1,29.7
450950,아스테라시스,제조,0.7064190017433357,32.4,11222466667.0,21.8,12.901134365417994,90.3,755.5977258588608,91.2,40.9
084850,아이티엠반도체,제조,-12.335042619966758,18.3,66981834855.0,72.9,1282.5101025852257,0.4,57.45137598705666,5.0,31.5
484120,도우인시스,제조,13.923665563651303,76.6,58892453302.0,70.2,32.06566694346789,70.3,196.24428315528485,53.7,72.1
199430,케이엔알시스템,제조,-42.8947138319935,10.1,4507080284.0,9.1,150.75914959821375,16.1,166.36194803170636,44.6,13.3
010580,에스엠벡셀,운송장비·부품,2.115939049834603,24.0,36149595947.0,8.0,43.80216471091602,78.0,199.912621725218,66.0,29.0
001130,대한제분,음식료·담배,2.00159172080498,23.5,351123357973.0,50.0,53.1843670160744,82.4,149.6821698404202,73.5,42.5
314130,지놈앤컴퍼니,제조,-127.50515546074531,4.2,6253653474.0,13.7,51.277076451181614,53.9,231.3280276146953,59.7,17.5
082800,비보존 제약,제조,-14.588130615381829,17.3,13282472889.0,25.4,71.59140906426524,40.9,66.11634213273018,6.9,21.7
039570,HDC랩스,건설,3.711421963234173,45.7,153732976512.0,56.5,55.59095759976531,73.9,184.9395899334456,67.4,54.1
095570,AJ네트웍스,일반서비스,6.553717852091472,61.9,327848505000.0,90.5,276.17563480979646,3.2,51.51364245964288,9.5,59.2
013120,동원개발,건설,2.794738496077316,30.4,69813246060.0,26.1,37.07083516487119,80.4,376.2127375818045,89.1,39.8
066620,국보디자인,건설,6.706992549428635,69.6,105617551515.0,43.5,36.78562643899,82.6,276.7483288247895,82.6,64.4
112290,와이씨켐,제조,7.835705688440836,59.3,27064804069.0,47.0,239.34829791146245,5.5,69.54504453507973,8.1,45.1
462350,이노스페이스,제조,-639.9931667885232,1.0,2471751395.0,5.2,17.6638682679942,83.9,763.8437997598635,91.3,19.4
102940,코오롱생명과학,제조,-1.5516766168904943,28.3,50590987739.0,65.9,55.55074440159774,50.9,75.59161503742611,9.7,40.8
028100,동아지질,건설,4.498451134463653,52.2,111943502474.0,50.0,101.48830907464304,58.7,147.40703681875672,43.5,51.6
452280,한선엔지니어링,제조,23.696840769983357,91.3,23644816777.0,41.8,64.32466411104161,46.1,264.6664067630637,63.9,68.8
042420,네오위즈홀딩스,IT 서비스,7.930522719735561,62.3,103792076612.0,79.5,18.895293614393,81.5,369.9348297288586,71.5,70.5
001630,종근당홀딩스,제약,2.643148861213108,53.2,251168577995.0,78.7,87.24197505953997,31.9,84.392593619664,14.9,55.2
053210,스카이라이프,오락·문화,4.441545280113995,44.1,249926108841.0,79.4,85.27801145449962,23.5,166.3162116466042,41.2,52.0
377190,디앤디플랫폼리츠,부동산,70.68230334110605,66.7,14771401227.0,47.6,200.74778941778027,38.1,96.22589751000736,76.2,58.3
403850,더핑크퐁컴퍼니,오락·문화,12.239999968216967,67.6,21704662491.0,32.4,10.457292349655942,91.2,950.9984989767393,91.2,61.8
190510,나무가,제조,2.30912266315365,38.9,93206654776.0,80.9,38.801309184987,64.0,290.7325188505588,66.5,56.7
012210,삼미금속,제조,11.710159574672904,71.7,22258663141.0,39.4,122.63103536043718,21.4,198.9242026309117,54.3,54.6
034810,해성산업,금융,4.144836870122954,18.4,659043299313.0,67.1,114.59302364852022,35.5,114.13420485249355,35.5,36.4
214180,헥토이노베이션,IT 서비스,12.525986769688322,70.9,102828587183.0,78.8,114.98650471144325,15.9,152.10002702947455,28.5,63.3
036560,KZ정밀,제조,20.36402220367754,87.9,34270020658.0,53.8,25.597138606718552,75.3,224.19891193675303,58.1,73.8
339770,교촌에프앤비,유통,5.933035223859831,59.4,132272708199.0,59.4,90.06886574309705,51.5,70.5589274913849,16.8,55.0
016580,환인제약,제약,11.053466157482726,74.5,71418439117.0,48.9,13.432591988365573,93.6,425.751656447806,87.2,70.1
102260,동성케미컬,화학,13.091926180641202,82.3,352378978742.0,59.4,73.22365391420873,56.2,156.1602243322454,57.3,70.3
272110,케이엔제이,제조,18.227864371017475,85.0,34351360316.0,53.9,153.72682436278572,15.4,111.94849913063337,23.4,62.4
256840,한국비엔씨,제조,-1.4884758321194462,28.6,24606572851.0,43.1,17.610986651429396,84.0,351.16542514453033,73.6,43.2
013580,계룡건설,건설,8.21476708755584,76.1,840067986791.0,89.1,232.47601606615444,21.7,136.37713214746657,41.3,70.7
033530,SJG세종,운송장비·부품,6.486198337627108,62.0,524581498836.0,72.0,140.9955139130979,52.0,124.66034527160494,52.0,63.0
459510,나우로보틱스,제조,-67.39625286211263,7.2,6164866598.0,13.4,232.1870541909449,5.8,97.69397379959074,17.1,9.7
000140,하이트진로홀딩스,금융,10.459028490169723,48.7,615277821831.0,64.5,228.35133871736477,7.9,54.70913981143597,5.3,45.1
117580,대성에너지,전기·가스,1.6975275625408408,50.0,161046909124.0,10.0,84.5257863019527,90.0,81.46475210879224,50.0,42.8
216080,제테마,제조,11.48100429944437,71.2,20082245184.0,36.1,201.8793281773148,8.4,78.59905601095022,10.2,48.3
425040,티이엠씨,제조,6.77616610443134,56.0,86461337823.0,78.7,55.83772295872957,50.6,131.68001092774597,31.4,60.2
007860,서연,금융,4.935996394465379,26.3,1356856518232.0,78.9,123.31796436982827,27.6,98.21124912006492,26.3,42.2
126600,BGF에코머티리얼즈,제조,1.1707542978942629,33.9,102653009360.0,83.2,67.43866470860011,43.7,143.7020620401761,37.4,50.1
039830,오로라,일반서비스,13.35703588827341,79.4,91165080957.0,69.8,217.80297577729263,8.7,70.23474813071698,18.3,63.1
049430,코메론,제조,41.64667067809388,98.7,23711527520.0,41.9,5.212721117472882,98.7,1872.8366554885129,99.0,81.7
357550,석경에이티,제조,24.680447409778417,92.6,5168301793.0,11.0,22.955013717225363,78.0,900.1225495122478,93.5,66.4
016790,현대사료,제조,1.0025940496079038,33.2,29524987019.0,49.9,48.04425142746766,55.7,257.80211279306025,63.1,43.3
143240,사람인,IT 서비스,18.308328635474407,80.8,35192356251.0,55.6,15.229520655704356,88.7,876.9732698275204,90.1,74.9
115450,HLB테라퓨틱스,유통,-37.67997527950023,5.9,12558348048.0,13.9,30.54343298266205,77.2,77.55474087590785,21.8,18.1
128820,대성산업,유통,0.8234481056267982,29.7,365855736192.0,70.3,169.9764013045221,19.8,98.47285527694872,30.7,40.8
417030,니어스랩,IT 서비스,4.021275329279547,42.4,16921667687.0,37.7,189.94697571613585,4.6,174.8656030971051,35.8,35.9
126700,하이비젼시스템,제조,-11.367123788526843,18.6,50339337650.0,65.4,45.44004857266274,57.3,219.14720092244943,57.3,40.4
102460,이연제약,제약,-19.46601050709724,8.5,35845295000.0,14.9,128.0342691586253,14.9,49.60013315904565,6.4,11.0
220100,퓨쳐켐,제조,-75.36031144913632,6.8,4271637853.0,8.6,24.136612110610216,76.3,334.1769523111444,70.8,20.8
035510,신세계 I&C,IT 서비스,8.708875979483404,66.2,174955496529.0,87.4,30.627921541225334,67.5,293.9244126153556,61.6,72.3
064850,에프앤가이드,IT 서비스,52.6957813214007,99.3,14920954801.0,34.4,16.59423050766639,86.1,198.59209181124157,43.7,73.8
119830,아이텍,일반서비스,7.60433871601608,64.3,14245360464.0,36.5,36.56277749603424,70.6,303.7615035218172,72.2,57.3
204610,티쓰리,IT 서비스,20.051459573153604,84.1,25802746479.0,51.0,12.822906517457156,92.7,836.8953869450788,88.7,75.6
354320,알멕,제조,4.710658980597585,48.2,55217090660.0,68.4,124.311479360197,20.7,107.9677349551838,21.5,48.8
126730,코칩,제조,24.505571440227214,92.1,17996033146.0,32.0,17.815374222604476,83.6,487.0041181003276,82.6,72.3
464080,에스오에스랩,제조,-1135.4238482916749,0.5,455980250.0,0.5,391.8493469382488,1.4,665.9338286645948,89.7,7.7
052710,아모텍,제조,-0.9233413528374926,29.6,62299515042.0,71.7,128.96465764156594,19.9,100.94622551230816,17.8,40.1
241590,화승엔터프라이즈,섬유·의류,1.8340210990938428,28.6,397514062003.0,76.2,201.27208169294624,14.3,75.3221766406707,9.5,39.6
016450,한세예스24홀딩스,섬유·의류,4.435903154227373,47.6,910593142267.0,100.0,240.48021360078252,4.8,96.42213641263724,19.0,55.9
078150,HB테크놀러지,제조,1.811005687798544,36.4,28535978682.0,48.1,30.437760912580448,71.4,164.7873462174622,44.2,44.7
213500,한솔제지,종이·목재,8.570942181894166,100.0,592742934637.0,100.0,192.43406865838415,30.8,92.38110225768877,38.5,86.8
002100,경농,화학,11.09962557402248,72.9,121952525576.0,33.3,75.99065746437266,55.2,156.0951377588801,56.2,57.6
234080,JW생명과학,제약,14.77746868657202,83.0,63245757499.0,42.6,34.84742414176643,74.5,125.24407378250896,40.4,66.5
270660,에브리봇,제조,-12.471548814405962,18.1,9837802684.0,19.3,42.895143476788064,58.9,153.67751243106383,40.1,25.1
192440,슈피겐코리아,제조,11.399351462286884,70.8,110317441458.0,84.9,7.942799159040294,96.5,999.9277655646292,95.2,80.1
014710,사조씨푸드,음식료·담배,12.497320593548867,88.2,83890211918.0,14.7,106.05911671728094,58.8,89.58589837127306,41.2,58.9
388050,지투파워,제조,3.961118934036625,46.0,10416736732.0,20.3,96.20312851185714,29.5,164.57858045991824,44.1,36.2
000390,SP삼화,화학,7.745007738597087,45.8,177546898933.0,41.7,98.3534837952132,39.6,126.4758935922363,41.7,43.5
487570,HS효성,금융,8.299125363244858,39.5,430921091738.0,60.5,83.41612186666688,47.4,119.32592688999507,40.8,46.9
003220,대원제약,제약,-0.0058364405626639,29.8,152831677188.0,68.1,107.92988362599247,25.5,112.35843568390484,31.9,40.9
002420,우양피앤엘,유통,-1.8305243574821244,19.8,9125576850.0,8.9,103.838104481145,47.5,26.230791175348667,2.0,18.4
222040,코스맥스엔비티,제조,8.285743302013735,61.0,102264020042.0,83.0,262.0625596552333,4.5,82.05193168905528,11.2,56.8
054210,이랜텍,제조,3.3290581118000326,43.5,213541859657.0,93.8,128.68433184826748,20.0,90.45134554355342,13.6,53.4
489460,바이오비쥬,제조,27.350714666359053,94.1,9875617427.0,19.4,5.487297856799511,98.4,1544.1951455002509,98.4,72.5
402030,코난테크놀로지,IT 서비스,-67.61657480878472,11.3,4171608451.0,13.2,76.46125203622636,33.8,219.60794895177744,47.0,17.4
002150,도화엔지니어링,일반서비스,2.648055992267214,47.6,169612698905.0,81.0,202.6851800503136,10.3,89.74886694800749,25.4,51.4
176750,듀켐바이오,제조,17.249129460769982,83.4,11196128404.0,21.5,50.469182027944285,54.5,180.472337061961,49.7,58.7
003610,방림,섬유·의류,-2.8592158154405563,9.5,31293423958.0,19.0,38.73818961263347,57.1,212.252121908564,61.9,22.3
372170,윤성에프앤씨,제조,28.541606547133995,94.8,59821694083.0,70.9,52.53568940399506,53.3,195.27982555569804,53.4,79.3
293780,압타바이오,일반서비스,-223.0283781183005,17.5,1602804792.0,15.1,28.89706089927383,81.0,253.8463762808881,63.5,28.1
004560,현대비앤지스틸,금속,4.700321572212212,56.6,202786746876.0,52.8,41.5611627981165,75.5,328.65283450695466,86.8,60.1
083310,엘오티베큠,제조,10.72718345334088,68.4,81458228770.0,77.5,35.50367637590868,67.3,234.00198028077236,59.9,70.3
092130,이크레더블,IT 서비스,53.25836539389928,100.0,23016513277.0,47.0,36.01220449640737,60.3,306.73991924794484,63.6,76.4
143160,아이디스,제조,10.215280556820703,67.1,83750597993.0,78.0,31.573885976741494,70.8,310.59280388642946,69.0,71.0
138610,나이벡,제조,1.6919393512406269,35.9,6060942842.0,13.1,34.617263229036425,68.0,338.9587155829449,71.4,35.8
000300,DH오토넥스,운송장비·부품,-24.450695594861305,2.0,7815513602.0,2.0,66.5412054037746,66.0,286.6173221374458,80.0,15.9
094820,일진파워,건설,6.486659386031568,67.4,86381019174.0,34.8,113.92017752708922,56.5,189.6961970358113,71.7,56.7
002170,SYTS,섬유·의류,4.56411943283263,52.4,35341736029.0,23.8,5.800699617296865,95.2,2470.473965150164,95.2,52.4
108380,대양전기공업,제조,10.671610072328413,68.1,70834320836.0,73.9,24.645156173219764,76.1,338.490573590238,71.3,71.1
264850,이랜시스,제조,6.598972248658589,55.0,20733808015.0,37.2,26.47962904922187,74.7,262.333174178564,63.5,52.7
0039P0,매드업,일반서비스,20.75236703771958,88.1,18262357056.0,39.7,127.9273030399612,22.2,172.7351369482043,50.8,62.7
000700,유수홀딩스,일반서비스,10.517185341901666,73.8,121771998426.0,77.0,19.944457762888984,88.1,447.2127891076648,81.7,77.1
005960,동부건설,건설,3.025365742172741,34.8,596121494456.0,82.6,205.0073141727552,28.3,127.69024508397936,34.8,48.4
0015G0,그린광학,제조,1.398874916477585,34.6,15353192946.0,28.3,58.29246144856921,49.4,201.4435540988724,54.8,36.1
080160,모두투어,일반서비스,-2.026580963274526,40.5,42245111225.0,56.3,111.87575747722758,31.0,162.68302524948547,47.6,44.7
083930,아바코,제조,-66.8863738567329,7.4,16487860497.0,30.0,103.08049190852732,26.7,107.02361080683568,20.7,17.6
114840,아이패밀리에스씨,제조,11.61765687851765,71.4,58660342221.0,70.0,37.87674476259853,65.0,290.91589230342834,66.6,69.8
004380,삼익THK,기계·장비,2.1775082543628748,33.3,77684488158.0,40.7,159.44523810594004,29.6,79.89925843348344,3.7,32.7
015230,대창단조,운송장비·부품,15.408318929023942,94.0,102055392606.0,26.0,27.175587656082072,84.0,561.9786006777232,90.0,72.1
013890,지누스,제조,-18.097080502305086,15.9,147542224524.0,89.7,66.48165105704797,44.2,182.5237520570616,50.3,44.2
049630,재영솔루텍,제조,16.27004101176262,81.1,48976872045.0,64.4,87.87098216031745,33.1,86.6047970037481,12.3,64.8
086820,바이오솔루션,제조,-10.257640926208405,19.9,4703519576.0,9.6,60.42042208857056,48.7,83.73119144439914,11.7,19.6
038390,레드캡투어,일반서비스,16.021275404034277,83.3,98226670038.0,70.6,251.2909957137277,6.3,37.37442829508441,4.8,64.0
086670,비엠티,제조,12.941724585637186,74.6,48647105456.0,64.2,79.81975458644465,35.6,128.77344435158173,29.7,63.2
271980,제일약품,제약,-4.804979960597606,25.5,146604024528.0,63.8,107.7352114842172,27.7,132.92901637588153,44.7,38.8
067290,JW신약,제조,16.636136117611873,82.4,21543453045.0,38.5,51.98051511283748,53.8,155.37512255592924,40.8,62.5
016880,웅진,금융,15.64384902146478,68.4,342316262753.0,46.1,1504.080722084879,1.3,100.310744233858,28.9,50.5
245620,EDGC,일반서비스,-58.53938842196212,26.2,1223555644.0,12.7,69.18552492682136,50.8,237.81621396071588,61.1,27.9
122990,와이솔,제조,-2.267309376403876,27.5,81310276850.0,77.3,25.58025747786213,75.4,298.65585131159065,67.6,51.4
123410,코리아에프티,제조,6.6385045577134,55.3,216993397410.0,94.5,98.2640473081741,28.3,166.81688086254772,44.7,63.0
093190,빅솔론,제조,24.11547140493081,91.8,42691334837.0,60.6,19.53146555593793,81.9,510.4555395118344,84.5,80.7
234690,녹십자웰빙,제조,8.8871448940079,62.7,52082475758.0,66.9,113.39086348348712,23.7,107.54209375975611,21.0,55.9
118990,모트렉스,제조,9.824073101402304,65.5,186411461814.0,92.8,178.38366595283065,11.8,110.53022887864677,22.9,63.8
475040,스트라드비젼,IT 서비스,-173.6673841104952,4.0,6419628711.0,18.5,49.28752232359328,47.7,494.3354373773319,79.5,19.6
077500,유니퀘스트,유통,7.662456792735914,68.3,216298440439.0,66.3,182.5301152632774,14.9,145.40690017139357,53.5,60.1
179290,엠아이텍,제조,29.37213710741757,95.6,19752327278.0,35.4,14.640144812128469,88.7,808.8030353720313,92.3,76.4
230240,에치에프알,제조,-31.780018906815595,11.6,24143777027.0,42.4,79.55311567347995,35.8,189.67034596969492,51.9,27.0
199820,제일일렉트릭,제조,6.03192380541461,53.1,49896972974.0,65.0,49.52895841800159,55.0,180.55811187687192,49.9,56.6
007570,일양약품,제약,-10.387065126105473,17.0,65144070802.0,46.8,75.810253663866,44.7,87.71867164176619,19.1,29.4
000860,강남제비스코,화학,6.9285333889320855,38.5,178519987199.0,42.7,43.95228762177268,71.9,155.3044682500881,54.2,45.0
012860,모베이스전자,제조,1.0818705044382542,33.6,262792833092.0,95.7,215.03137042959807,6.9,97.12239153396897,16.8,47.7
101530,해태제과식품,음식료·담배,5.803036399431856,67.6,160091672558.0,32.4,127.42360493228368,50.0,62.75576952036695,5.9,50.0
126640,화신정공,제조,10.117390262461548,66.4,101535378319.0,82.7,54.18359039841596,51.5,158.237981895421,42.1,67.6
023910,대한약품,제조,14.273364956628,77.3,56607645482.0,69.5,16.61740410768645,85.4,397.2737883846909,77.7,76.0
308430,셀비온,제조,-559.6130102377915,1.1,472050834.0,0.6,130.60703384479885,19.3,3344.41448171467,99.9,11.0
042600,새로닉스,제조,-10.508636415375392,19.6,42727319954.0,60.8,115.83223321617965,22.8,74.59048889035317,9.4,31.5
032620,GC메디아이,IT 서비스,7.685143005628695,60.3,51525002633.0,63.6,43.71230524809933,53.0,188.6194967631872,39.7,58.8
072870,메가스터디,오락·문화,21.87004505244992,94.1,33685006539.0,44.1,53.0601090235772,47.1,124.93728586228904,32.4,68.5
382800,지앤비에스 에코,제조,13.85401859823702,76.4,36663511991.0,55.8,24.79353578966972,75.9,480.4030030924648,82.1,70.6
090350,노루페인트,화학,10.589510538372348,70.8,229927647730.0,50.0,78.68363318514285,52.1,161.7629591116952,59.4,61.4
123860,아나패스,제조,-23.089531553768843,13.7,18148800491.0,32.1,94.99658363778155,30.1,274.80884296661696,65.1,25.3
068790,DMS,제조,-19.550956059948803,15.1,28806665821.0,48.6,34.81607549675944,67.6,113.43694594476148,23.8,32.1
001210,금호전기,전기전자,-13.038368206670278,10.9,7881579809.0,9.4,122.80510322614508,32.8,153.67139966936273,50.0,16.2
260970,에스앤디,제조,16.632363755844324,82.2,49922511694.0,65.1,39.04682705490066,63.4,273.80427450763574,65.0,73.4
041920,메디아나,제조,13.953291993723305,76.8,21144137049.0,38.2,10.276976976523883,92.7,905.6649438615602,93.7,68.5
394800,쓰리빌리언,일반서비스,-43.929011689501046,27.0,3794622271.0,23.0,98.07889441265482,38.1,128.57929637193314,41.3,28.3
119610,인터로조,제조,20.318737855493374,87.8,29448340190.0,49.7,60.16266137975179,48.9,252.75757835511573,62.3,69.7
331920,셀레믹스,제조,-67.16914909770281,7.3,1376271734.0,2.5,60.47653340781208,48.5,2291.797955811872,99.4,18.2
101970,우양에이치씨,제조,10.157251176489572,66.6,19836790348.0,35.6,35.393219361819064,67.4,254.7193587986612,62.6,57.1
263860,지니언스,IT 서비스,19.4891465330286,83.4,13184435294.0,32.5,30.767385377234547,66.9,587.1017183951578,82.1,66.0
066410,버킷스튜디오,통신,-20.84963342259676,9.1,5241145889.0,9.1,9.555888251634205,90.9,84.05670485818352,9.1,18.9
413630,씨피시스템,제조,27.348349453845284,94.0,6847425422.0,15.1,8.336315485977323,95.8,900.8314049102056,93.6,70.5
046070,코다코,제조,-1.189253020250178,29.2,45438886326.0,62.3,631.487277573997,0.9,50.956940320831656,3.8,33.7
460850,동국씨엠,금속,2.8488978051992446,32.1,773358200171.0,81.1,166.1430197798117,13.2,82.218157939225,7.5,42.6
001780,알루코,금속,4.1603383832032055,43.4,142402975631.0,37.7,150.8814528673121,20.8,87.5514406864657,11.3,36.4
039860,나노엔텍,제조,5.4953909959703,51.5,12508087350.0,24.2,8.654755476811376,95.3,1128.494161703699,96.1,52.1
104480,티케이케미칼,제조,16.573293067899883,82.1,129538053687.0,87.5,20.354899987694772,81.1,119.76024734984844,25.9,79.1
024800,유성티엔에스,운송·창고,6.329679385687599,76.0,13582595541.0,8.0,14.964626740119376,100.0,28.19983365911191,16.0,53.7
054800,아이디스홀딩스,일반서비스,14.39500633471638,81.7,268253832309.0,88.9,38.96998728627504,67.5,360.25620500123534,77.0,81.8
101360,에코앤드림,제조,-26.123408597472352,12.6,20211721542.0,36.3,127.74523392204382,20.2,67.63665244049642,7.2,20.2
051370,인터플렉스,제조,-5.683550558194639,22.7,90881456039.0,80.4,22.97824603374353,77.8,393.9194897036607,77.3,51.0
400760,NH올원리츠,부동산,65.67077412034459,47.6,12798242120.0,42.9,373.76931340687054,4.8,21.69692802929022,42.9,40.7
462520,조선내화,비금속,0.7963999830163959,16.7,126215849000.0,50.0,123.70811312598006,11.1,85.933178867887,22.2,26.5
089600,KT나스미디어,일반서비스,24.236247264444227,92.1,32263750888.0,51.6,94.09451771482084,38.9,177.98445383556503,54.0,70.5
355150,코스텍시스,제조,22.19817518100988,90.3,5343257963.0,11.3,94.56660132992135,30.6,157.21437340108224,41.6,55.5
011040,경동제약,제조,7.086186715915327,57.3,52261526410.0,67.0,32.92987218377968,69.5,176.57400256191096,48.9,61.0
032580,피델릭스,제조,28.74985269731457,95.1,33434395547.0,52.5,40.50019229155876,60.6,343.907417104163,72.2,76.3
405100,큐알티,일반서비스,6.629057389168451,62.7,18495957193.0,40.5,66.80322424525639,51.6,132.0360180309781,42.1,53.1
003830,대한화섬,화학,-4.131820301238805,5.2,27708307853.0,7.3,17.75354111032363,92.7,165.2414098891409,60.4,20.7
046440,KG파이낸셜,IT 서비스,14.159184661473,72.8,62245653798.0,68.9,72.15048715447091,35.1,186.0510084592432,38.4,64.4
065660,안트로젠,유통,-21.721165216014644,8.9,2199724178.0,5.0,2.747129828043624,99.0,2468.830631281892,100.0,25.8
013990,아가방컴퍼니,유통,14.270326048617363,88.1,50400206579.0,38.6,32.142471942637954,75.2,285.3327184823176,77.2,70.8
264450,유비쿼스,제조,25.22732719951472,92.9,35697994091.0,54.7,16.40378422083344,85.6,592.8762535012779,87.3,80.1
024060,흥구석유,유통,-2.524077737945908,16.8,27392682983.0,25.7,21.73759942225478,87.1,97.70120882983596,28.7,28.9
187870,디바이스,제조,33.19743226276956,97.5,23335819604.0,41.1,37.64086585320016,65.1,300.35796575955953,67.8,74.3
000970,한국주철관,금속,6.468442248032577,67.9,111848769017.0,35.8,20.702018385210145,88.7,425.1133937624454,88.7,62.4
389020,자람테크놀로지,제조,-5.145208162138895,23.8,6095369344.0,13.2,23.158262814337316,77.3,290.15455367507576,66.1,30.4
418550,제이오,일반서비스,-17.36601980047764,31.0,8934848502.0,32.5,21.18363007838248,86.5,438.9086180876058,81.0,42.1
138360,앤로보틱스,제조,-0.1078165487151141,31.1,7712154673.0,16.4,39.27147611398476,62.6,93.64837155672518,15.1,29.2
009470,삼화전기,전기전자,2.5511800753445204,40.6,53621967270.0,25.0,45.25767475713226,71.9,234.40978846216024,75.0,42.4
071840,롯데하이마트,유통,0.1552761783400409,25.7,591095945181.0,75.2,106.51849995620016,45.5,94.4460484830692,25.7,42.9
293480,하나제약,제약,11.962501865115378,76.6,60903578032.0,38.3,34.645797586470344,78.7,195.70425413521264,72.3,65.0
023600,삼보판지,제조,10.750164098890863,68.5,153516901409.0,90.4,28.379015358562587,73.2,257.8579876629556,63.2,75.2
046120,오르비텍,일반서비스,-8.419191085643154,33.3,16568819686.0,38.1,61.27017588659008,57.9,77.3268434056952,22.2,36.8
049960,쎌바이오텍,제조,10.368647306717683,67.8,15814220703.0,29.0,5.984831764032085,97.7,1353.4368248823075,97.4,62.1
205500,넥써쓰,IT 서비스,-88.94011969499303,7.9,5792798867.0,16.6,165.0048820591022,6.6,159.18203180035363,32.5,12.3
047770,코데즈컴바인,제조,13.190418578785817,75.3,12262379805.0,23.8,27.86952312483626,73.4,346.04999576686555,72.8,59.4
300080,플리토,IT 서비스,17.247970751373877,78.8,8106229093.0,22.5,28.975913284905776,69.5,980.198847382344,93.4,62.0
308080,바이젠셀,일반서비스,-444.0099910250504,10.3,571215463.0,4.8,28.031335666487177,82.5,1526.8314989711814,93.7,24.0
054450,텔레칩스,제조,5.373854603263988,50.8,59173535679.0,70.3,175.88906173552877,12.3,84.07166912449158,12.0,48.9
272550,삼양패키징,화학,12.964988633030842,80.2,131481150709.0,36.5,81.24925610705677,51.0,85.39091981946173,13.5,58.2
039840,디오,제조,9.806083964602715,65.2,44949617767.0,62.0,76.2314177361594,38.3,134.08815936623415,33.5,58.5
107590,미원홀딩스,금융,10.896734626424411,52.6,160479741129.0,30.3,63.62459185961564,59.2,137.34989067026845,48.7,46.4
382900,범한퓨얼셀,제조,-18.138965120706512,15.6,17824990756.0,31.9,114.29348907089454,23.3,67.74257255526197,7.3,20.7
078070,유비쿼스홀딩스,금융,24.403020842046224,86.8,43338757736.0,17.1,9.51221225993555,93.4,868.814147297298,96.1,67.4
025820,이구산업,금속,10.662987271964054,88.7,190753069475.0,50.9,176.168561079462,11.3,128.20695297717197,34.0,63.7
051160,지어소프트,IT 서비스,6.8232249857175065,54.3,145103021573.0,84.1,37.54720478548659,58.3,327.4932411729339,67.5,64.8
445180,퓨릿,제조,14.458903839800383,77.7,44879954953.0,61.8,13.646184939783076,89.5,457.8102509281569,80.7,74.6
148150,세경하이테크,제조,3.8535528666590815,45.1,86291471794.0,78.6,39.86235865789476,61.8,191.38005073550949,52.3,57.7
000020,동화약품,제약,7.514546382080393,63.8,136932529614.0,59.6,57.335141159089495,59.6,122.30776533997378,36.2,59.8
048870,시너지이노베이션,제조,17.123743733361323,83.1,31407849783.0,51.4,22.123921312661995,78.6,419.3555294372949,79.1,72.7
005990,매일홀딩스,제조,3.946801122525821,45.7,575686807205.0,99.1,53.65013913909622,52.1,268.61493380849583,64.2,64.0
001540,안국약품,제조,9.40704782294862,63.7,91850924877.0,80.6,84.17463253566427,34.0,168.66137239594744,45.5,63.8
002210,동성제약,제약,-9.21308055892939,21.3,22084859673.0,10.6,82.6110323800452,42.6,123.79009105440086,38.3,22.0
001080,만호제강,금속,-7.830209420623896,1.9,152953052398.0,39.6,11.98128140658322,96.2,686.7568542241478,94.3,31.9
004090,한국석유,비금속,5.953673642728544,61.1,231630791282.0,72.2,108.64528873385817,27.8,139.30769507890466,61.1,60.4
003480,한진중공업홀딩스,전기·가스,1.4976230520206488,20.0,205726000000.0,30.0,232.1906029735844,40.0,71.67816624314315,40.0,27.0
093640,케이알엠,제조,-148.6132478068446,3.5,1592811795.0,2.9,38.024165137577086,64.9,122.4113790465186,27.1,12.6
015890,태경산업,화학,9.175062549580776,61.5,240703335870.0,52.1,67.70426963976551,59.4,185.1447038291344,63.5,58.6
084990,헬릭스미스,일반서비스,-269.65299249612553,15.9,809963839.0,8.7,1.1325122699635768,100.0,5669.398542495682,99.2,30.5
060150,인선이엔티,일반서비스,4.610856352027013,54.0,50259843163.0,59.5,49.02855979032581,61.1,107.88659183502809,34.1,54.9
067280,멀티캠퍼스,일반서비스,10.051526486237458,71.4,87637655694.0,68.3,35.2514839086884,73.0,418.4883134875436,80.2,71.4
408920,메쎄이상,일반서비스,34.31237314180889,94.4,19382589556.0,42.1,29.215568996822427,79.4,412.68604079484527,78.6,75.6
469610,이노테크,제조,4.569094591038235,48.0,19558861109.0,34.5,55.58063573776736,50.8,238.841571532462,61.0,45.3
147830,제룡산업,제조,35.83697400218391,97.9,16282469861.0,29.6,12.239684044191224,91.2,892.9000241883026,93.3,76.2
251370,와이엠티,제조,3.828024638988228,44.8,41213202207.0,58.9,64.17627434980014,46.3,109.4207397995268,22.3,47.4
092070,디엔에프,제조,3.247567914748819,43.3,21694844465.0,38.8,7.994605476689903,96.3,543.2417618640019,85.8,51.7
094280,효성ITX,일반서비스,2.590475040828263,46.8,133994248016.0,78.6,182.17302164701573,12.7,110.72558909505976,34.9,51.3
006060,화승인더,유통,4.732956283575079,55.4,458189180476.0,74.3,201.73954256048305,11.9,74.59469368213668,19.8,53.0
036170,에이치엠넥스,제조,10.345666090086912,67.6,13363135993.0,25.7,21.217248768595905,79.8,370.7830493792127,75.4,57.1
004150,한솔홀딩스,금융,4.764292220803148,25.0,416705254000.0,59.2,81.91649184711795,50.0,137.9305326173423,51.3,40.4
005160,동국산업,제조,-0.5233643345072444,30.2,163391223975.0,91.2,94.69386025034268,30.4,120.39413127499952,26.4,48.2
079960,동양이엔피,제조,2.5749475140903733,40.1,105678454264.0,84.3,15.003400549421778,88.4,568.7608649969584,86.1,62.8
340450,지씨지놈,일반서비스,5.219746024715445,56.3,8288372326.0,31.7,9.966510818065135,94.4,1182.0829105684645,92.1,56.4
153890,져스텍,제조,21.823262643186425,89.4,5036610460.0,10.6,39.87511911159863,61.7,376.6210598947801,75.9,61.4
474650,링크솔루션,제조,-108.59301769211731,5.0,4269317266.0,8.4,96.7057431376838,29.2,139.07390714089829,35.4,11.4
334970,프레스티지바이오로직스,제조,-268.73781784698326,2.4,12533271503.0,24.3,99.9109578805386,28.0,39.88456273465758,2.5,12.0
003100,선광,운송·창고,23.90517548474172,100.0,51645812970.0,20.0,61.30617219300978,84.0,177.9674820195421,84.0,72.8
417010,나노팀,제조,9.975740706102982,66.0,14178441939.0,26.6,171.27362401411713,12.8,61.61779146059666,6.2,43.0
032940,원익,유통,7.258116858838115,65.3,54031094694.0,40.6,39.97689780083306,70.3,96.76710777611382,27.7,55.5
0007C0,아크릴,IT 서비스,-27.31508069819386,21.9,5473699582.0,15.2,24.24116064829236,74.2,632.0788347865472,86.1,31.3
088800,에이스테크,제조,-28.30236907905446,12.0,28725227709.0,48.2,332.94461352662,2.5,73.59698352500075,9.2,21.5
396300,세아메카닉스,제조,5.449030233949577,51.1,37448791370.0,56.4,106.25544380688,25.3,101.9774740772475,18.3,47.0
038290,마크로젠,일반서비스,1.3681278946962705,45.2,51004029207.0,61.1,116.37674844775404,27.8,84.7974135191444,23.8,46.2
069510,에스텍,제조,9.867990340301116,65.6,127105592714.0,86.9,44.67008157001133,58.1,294.32486880993866,67.1,71.2
095700,제넥신,일반서비스,-1079.5918905193605,6.3,972206378.0,11.1,65.7766342280382,53.2,26.84381402860168,2.4,13.1
086890,이수앱지스,제조,3.210516455697886,42.9,14928552481.0,27.7,29.99247402212197,71.7,235.38193115618645,60.2,43.2
041520,이엘씨,제조,25.56643466235531,93.1,18303231271.0,32.6,7.724318969300015,96.7,1024.536210904443,95.6,75.6
003010,혜인,유통,11.074273034584625,82.2,64151484326.0,43.6,92.61386254747764,50.5,154.9929795464983,60.4,65.1
081000,일진다이아,화학,10.403987537273224,67.7,55098104957.0,16.7,12.116530893255998,96.9,1033.894023859927,97.9,58.3
004960,한신공영,건설,7.909407072728558,73.9,258893384709.0,65.2,162.7615281993645,34.8,132.54629605581556,39.1,63.8
035610,솔본,일반서비스,45.85472297650679,98.4,34988322102.0,54.8,20.291482173179237,87.3,566.9957527161006,84.9,82.9
274090,켄코아에어로스페이스,제조,4.158107215888816,46.7,28473502330.0,48.0,38.93034008197538,63.5,365.32066540593394,75.3,51.4
035080,그래디언트,유통,0.7772993992600532,28.7,1008380083075.0,81.2,156.09741743042275,22.8,112.181025892297,38.6,44.5
418420,라온텍,제조,-203.31498143675208,2.6,1461728849.0,2.8,253.6135650099408,4.9,612.7503388677616,88.3,9.8
115310,인포바인,통신,32.45398120754502,100.0,6660043944.0,18.2,9.724661163760324,81.8,872.4216574005213,90.9,72.5
008350,남선알미늄,금속,-1.1230471199587817,9.4,82818261983.0,24.5,54.68604247273111,67.9,150.54606019604685,54.7,24.6
000520,삼일제약,제약,-12.510299335733292,12.8,50602012207.0,31.9,198.4708075927885,6.4,47.535043591958605,4.3,17.1
012610,경인양행,화학,11.216432434684878,74.0,118964470055.0,32.3,104.28370737173589,36.5,114.70821985673018,32.3,53.7
338840,와이바이오로직스,일반서비스,-244.8722032393721,16.7,1547361600.0,14.3,191.8407840280984,11.1,2380.9670305032764,96.8,21.7
226590,엠디바이스,제조,17.2016124007781,83.2,28105925906.0,47.6,117.65030337358506,22.5,159.57203300381013,42.4,62.0
214420,토니모리,화학,4.189060370436925,21.9,53962074931.0,14.6,82.59793970912197,50.0,104.33230007680947,25.0,23.3
494120,큐리오시스,제조,-53.817791050516206,8.8,3473285422.0,6.8,29.20859331518345,73.0,599.6079290669189,87.5,22.2
013520,화승코퍼레이션,운송장비·부품,4.869383673242319,50.0,449059034969.0,64.0,191.3285659303849,28.0,94.45423905577918,28.0,49.8
002390,한독,제약,1.97142028870194,46.8,140725980751.0,61.7,205.6650300975607,4.3,86.29001531823255,17.0,43.8
136540,윈스테크넷,IT 서비스,15.38691319931988,75.5,20568753661.0,44.4,8.872845980122264,96.0,954.099738872115,92.1,70.0
489500,엘케이켐,제조,24.851556278162093,92.7,7643902928.0,16.0,10.107807654661592,92.9,1194.0195352496312,96.3,70.0
214390,경보제약,제약,1.2367752770189244,38.3,75221833771.0,51.1,150.06197725091224,10.6,87.78278399769924,21.3,37.5
321550,티움바이오,일반서비스,-94.80821269858112,22.2,4477378396.0,23.8,179.90265165173676,14.3,93.2359584705066,27.0,22.1
080420,모다이노칩,유통,6.826469380580424,63.4,93684764253.0,52.5,167.35667901611973,20.8,39.945926666059286,5.0,50.3
0015N0,아로마티카,제조,12.656988646483244,73.6,17742639515.0,31.7,19.18055956751061,82.4,487.3583110458549,82.7,62.8
049720,고려신용정보,일반서비스,8.88086516636615,67.5,43322733877.0,57.9,79.97912100960416,47.6,172.0025339291961,49.2,60.8
004080,신흥,유통,13.864272962504312,86.1,26282382227.0,23.8,33.96135899873011,74.3,191.89920818313735,68.3,64.6
192410,오늘이엔엠,제조,-34.51851149963138,11.1,4531139328.0,9.3,570.3118035874478,1.0,65.49395157077814,6.5,9.0
009270,신원,섬유·의류,2.43878336460591,33.3,309913109245.0,66.7,197.5376246884697,19.0,111.1965915219584,23.8,40.8
198440,강동씨앤엘,제조,12.499901822196872,73.2,19655028311.0,35.0,217.66058026612768,6.8,7.240660223732021,0.1,47.9
264660,씨앤지하이테크,제조,12.90092698334369,74.3,72301012695.0,74.7,23.05024838670533,77.6,372.0538784020879,75.6,74.9
265740,엔에프씨,제조,18.590930561252943,85.4,26883917583.0,46.6,32.32503432784608,70.2,194.0063336143749,52.9,69.3
140670,알에스오토메이션,제조,-7.91301811784924,21.0,18315715602.0,32.7,56.61555924094856,50.5,225.52259820974737,58.3,31.0
009780,엠에스씨,제조,20.73005420248857,88.4,56261884282.0,69.4,46.51751546544672,56.7,167.16022897264392,45.0,75.4
267290,경동도시가스,전기·가스,1.584502440462347,30.0,447475292555.0,50.0,87.96689768755269,80.0,145.4500455047373,80.0,46.0
388790,라이콤,제조,2.828320457006782,40.9,4530334520.0,9.2,42.56994312657972,59.2,350.114445728495,73.3,36.2
094840,슈프리마에이치큐,제조,3.2113600728829192,43.1,4241492013.0,8.2,2.575399053647421,99.4,3004.695018239616,99.7,43.9
267320,나인테크,제조,-3.691459587906248,25.8,12723389294.0,24.7,85.43135298117159,33.6,144.23651532080768,37.8,27.4
024090,디씨엠,금속,6.4921743633074,69.8,50175411206.0,7.5,12.197147251992702,94.3,476.8563313091096,90.6,55.7
307750,국전,제조,3.695059445691893,44.2,40483784415.0,58.4,65.96041828833785,44.8,147.08896071022687,38.3,48.1
001360,삼성제약,제약,-50.39528190353244,6.4,9901023839.0,6.4,67.54843292396811,51.1,76.6422332405839,8.5,11.9
037560,LG헬로비전,오락·문화,1.2198908084281848,26.5,243276212059.0,76.5,171.93206164994916,8.8,124.6370002944337,29.4,39.6
210540,디와이파워,기계·장비,9.089432076717124,59.3,115860516577.0,63.0,25.59514619896073,92.6,325.8212137788946,88.9,66.8
007540,샘표,금융,4.386000555624217,21.1,100345032295.0,23.7,34.18481543283117,69.7,221.31747185736828,71.1,31.7
0088M0,메쥬,제조,15.431139136816228,79.7,5668414582.0,12.2,9.428239226139134,94.3,1277.4178956797482,97.0,62.6
285490,노바텍,제조,-1.5873955780925055,28.2,9525688372.0,18.8,9.521597380042246,94.1,964.5161671236588,95.1,38.6
102120,어보브반도체,제조,5.114577377803132,50.0,68856734953.0,73.3,79.02793309573124,36.8,119.95404935932686,26.1,53.5
432720,퀄리타스반도체,제조,-13.6372727792459,17.6,6343237354.0,14.1,165.96351844224097,13.9,383.7073642157696,76.3,20.8
220260,켐트로스,제조,14.96044305183864,79.1,23955659980.0,42.2,27.217956665524675,73.8,210.614591131314,56.8,65.6
089470,HDC현대EP,화학,4.25771422580653,24.0,301411989753.0,56.2,100.96870527016564,38.5,147.47096836834615,51.0,37.6
014280,금강공업,금속,7.852821672089068,77.4,229092311773.0,54.7,146.98503641923503,22.6,100.42890546350714,20.8,59.5
350520,이지스레지던스리츠,부동산,93.6536177362893,95.2,4379639430.0,14.3,32.287325503058504,95.2,19.105743494542825,38.1,66.4
036690,코맥스,제조,12.24920321783301,72.7,18264739226.0,32.4,191.63314788852728,10.3,71.73401947201636,8.7,48.0
142210,유니트론텍,유통,11.332018128992509,83.2,340100315048.0,68.3,239.77087351077105,8.9,129.74160835499288,45.5,66.8
297890,HB솔루션,제조,-4.943623846228801,24.1,10170713886.0,19.8,32.972152332815405,69.3,154.04158323027988,40.3,29.5
322510,제이엘케이,IT 서비스,-643.5118536906155,1.3,520149437.0,1.3,100.27715189547392,22.5,184.52222779198732,37.1,6.7
473980,노머스,오락·문화,21.975705300280453,97.1,16146752441.0,23.5,13.820889326185636,88.2,508.5196159258062,82.4,72.8
078000,텔코웨어,IT 서비스,30.51498503778928,91.4,10303557600.0,25.8,16.536964223222768,86.8,289.1798130545432,60.3,68.7
086980,쇼박스,오락·문화,18.490571703428312,88.2,67583339117.0,55.9,73.8195844049898,32.4,186.5603836447154,52.9,69.0
457550,우진엔텍,일반서비스,9.17237446143303,69.8,11378032759.0,34.1,11.29189171179929,91.3,796.1146469019993,88.1,63.1
149950,아바텍,제조,1.9859364761954872,36.9,16906770686.0,30.7,5.715627080415856,98.0,849.225031840035,92.8,46.8
008830,대동기어,제조,2.4550185078940983,39.7,67034193539.0,73.0,277.49274349488826,4.2,63.399523508985176,6.3,42.8
240550,동방메디컬,제조,18.731155881285204,85.5,33940580994.0,53.1,50.251986899633806,54.7,204.20264796490653,55.3,69.7
011690,와이투솔루션,전기전자,0.7616142199413345,28.1,87367181255.0,31.2,120.95121418195956,35.9,147.62021500797002,43.8,31.2
232680,라온로보틱스,제조,2.4700225286615134,39.8,18216404457.0,32.2,56.81815895916852,50.3,208.50268237847072,56.3,40.1
452450,피아이이,제조,-27.071099719264065,12.2,11008389064.0,21.4,202.21207280968449,8.3,273.03443992974866,64.7,18.7
009070,KCTC,운송·창고,5.371248672125946,64.0,290934509197.0,48.0,130.72701732825317,56.0,87.9865541983436,48.0,57.0
018470,조일알미늄,금속,6.501074515111116,71.7,154139388815.0,41.5,107.21835941340952,35.8,143.34333157807626,47.2,56.4
282880,코윈테크,제조,-12.683906326610012,18.0,58382472468.0,69.9,77.02303645488409,38.0,126.7852807496149,29.1,36.9
095190,신화프리텍,제조,6.091071306738615,53.5,25091615810.0,44.1,84.71309090803632,33.8,105.94133326337268,19.5,45.6
146320,비씨엔씨,제조,6.867158910470669,56.7,26766057171.0,46.5,146.01697062405557,17.4,97.42867513709852,17.0,45.7
163730,핑거,IT 서비스,1.6392947866727168,38.4,22551758659.0,46.4,84.82347068912692,29.8,856.2043238757664,89.4,43.8
322310,오로스테크놀로지,제조,-20.18335830432198,15.0,11366242002.0,22.0,105.08043524858206,25.8,139.3300290397724,35.5,20.0
458650,성우,제조,3.089837625188909,42.4,24714838792.0,43.3,11.065634394652008,91.9,1026.633258881094,95.7,52.9
211270,AP위성,제조,-34.28144176535748,11.2,6760100199.0,15.0,26.803580231471624,74.3,377.8748033714744,76.1,25.1
108230,톱텍,제조,-15.931400208756772,16.8,40843433212.0,58.7,39.36248467736418,62.5,259.53441566423555,63.4,38.6
049520,유아이엘,제조,7.626481609106378,58.9,89763249161.0,79.8,40.36794195514773,60.8,290.1611574769373,66.2,66.0
037070,파세코,제조,5.035260842403627,49.2,46702021357.0,62.8,61.41104363691559,47.9,167.71959188611405,45.1,52.8
079430,현대리바트,제조,1.4896899283767726,35.0,373133396361.0,97.9,95.62813674338985,29.7,150.20359549820986,39.0,53.6
002620,제일파마홀딩스,일반서비스,-6.034973530304718,34.9,164704260045.0,80.2,89.4684236343821,40.5,120.10673573370627,38.1,49.4
005800,신영와코루,섬유·의류,-0.0758927570101,19.0,59372205959.0,42.9,10.785338084569796,90.5,587.546775407933,85.7,40.1
048550,SM C&C,일반서비스,-5.7191735766095295,35.7,27230261945.0,48.4,121.47351147961896,25.4,164.05662625583716,48.4,39.3
052260,현대바이오랜드,제조,17.491644079163986,83.8,40273303099.0,57.8,14.240777741971034,89.4,505.7712961915293,84.3,76.7
361390,제노코,제조,-6.410005038116163,21.9,10856051795.0,21.3,38.63072467510384,64.2,241.37593593448003,61.2,29.9
212560,네오오토,제조,6.482016638263706,54.5,63398708941.0,71.9,44.62281492254597,58.2,141.39151899793464,36.4,58.7
027710,팜스토리,제조,4.858611106240586,48.7,362985033940.0,97.6,188.76341562789847,10.6,96.73980344800444,16.1,56.2
122450,KX,오락·문화,22.4534363584789,100.0,112037439826.0,61.8,85.67966748555554,20.6,154.58960530711462,35.3,73.8
063570,NICE인프라,일반서비스,8.733208652598858,66.7,110468183594.0,73.0,253.32917348457613,5.6,72.37053373938346,19.0,57.4
021320,KCC건설,건설,4.2894902010607,50.0,379868908174.0,73.9,152.9752809170035,39.1,124.237637859851,30.4,54.3
299030,하나기술,제조,-120.35474161835072,4.4,5292954429.0,11.2,241.8228062234097,5.3,92.83450547837028,14.5,7.4
227840,현대코퍼레이션홀딩스,유통,10.092144376522914,80.2,74648397000.0,48.5,22.942085701315225,86.1,195.64370042773209,69.3,70.5
228850,레이언스,제조,6.889182097032504,56.8,36458028611.0,55.3,12.337183449780118,91.1,1199.4334753446046,96.5,63.6
290740,액트로,제조,-0.7696764073512378,29.8,52552861584.0,67.1,66.19041857636971,44.6,165.13557365021785,44.5,43.9
056090,시지메드텍,제조,2.172601517140487,37.5,15316112383.0,28.2,39.373522364117264,62.3,210.35021098727051,56.7,39.2
478340,나라스페이스테크놀로지,제조,-188.27074362095036,2.9,1947464107.0,3.8,38.38353664093899,64.5,336.15334470096417,70.9,16.0
323990,박셀바이오,일반서비스,-309.2519467961216,12.7,1624755009.0,15.9,10.149516491599725,93.7,556.3714646842684,84.1,29.1
255220,SG,제조,2.9826473613820483,41.7,23027309091.0,40.4,91.00115193303677,32.2,107.6065990707255,21.2,38.5
451760,컨텍,IT 서비스,-44.00979834797343,15.9,17981050732.0,41.7,33.516011291297254,63.6,237.0971950927616,53.0,32.3
083420,그린케미칼,화학,8.184185283927045,52.1,91921547949.0,26.0,76.75393849761367,54.2,125.02172698690732,38.5,43.4
001520,동양,비금속,-2.46622468908547,5.6,146110177712.0,55.6,95.33175185241942,44.4,106.72676067908212,38.9,27.9
034590,인천도시가스,전기·가스,1.6791662339764906,40.0,196532483814.0,20.0,100.95956817751134,70.0,173.985459542806,90.0,41.6
041440,현대에버다임,제조,4.017024264443472,46.3,79716688877.0,77.1,84.06294947090021,34.1,173.73044423659215,47.5,54.2
339950,아이비김영,일반서비스,10.80238202099772,75.4,28318970011.0,49.2,100.97490623601158,37.3,81.79059755493363,23.0,58.8
011280,태림포장,종이·목재,2.1049675794873703,38.5,212333009000.0,69.2,120.12182960221594,38.5,49.294811051583366,7.7,45.2
036630,세종텔레콤,건설,1.9835814714418183,26.1,69478150247.0,23.9,118.8060825664634,54.3,59.13837167535606,4.3,27.1
053080,케이엔솔,제조,-4.050750092137219,25.4,136973158299.0,88.5,225.72765628882715,6.2,92.42348721916224,14.4,41.1
059120,아진엑스텍,제조,20.41052606978433,88.0,8872557404.0,17.9,10.183491043585118,92.8,848.3537688168868,92.7,67.9
166480,코아스템켐온,제조,-79.32865579051742,6.5,5397604610.0,11.7,134.2598888056857,18.5,26.670755707682886,1.4,9.1
041590,플래스크,건설,-34.176964086383364,4.3,2525636750.0,4.3,12.079052389352658,95.7,590.6477267729604,95.7,22.6
217270,넵튠,IT 서비스,-3.556182253500772,29.8,26601422609.0,51.7,13.68544429389762,90.1,234.76227726342728,52.3,45.4
259630,엠플러스,제조,12.604227084863789,73.4,32030174828.0,51.9,104.73065261344374,25.9,218.8549692161626,57.2,60.0
417500,제이아이테크,제조,28.980053193771617,95.3,21881928365.0,39.0,62.66457207129593,47.6,131.69855788865652,31.5,67.6
073010,케이에스피,제조,13.702051373546484,76.2,31358494366.0,51.3,71.89533521301483,40.7,151.27129949185743,39.3,61.5
366030,나인앤컴퍼니,제조,13.396308066226023,75.9,14131563022.0,26.4,9.794970143460528,93.6,935.5389254838542,94.6,64.7
017550,수산세보틱스,기계·장비,8.818086699209106,51.9,73026974747.0,33.3,41.5632730429735,74.1,264.7876569181596,81.5,51.4
333430,일승,제조,36.55636232685499,98.0,16228790693.0,29.5,39.173893042653496,63.0,297.6895162918423,67.5,70.8
158430,아톤,IT 서비스,18.067003327316726,79.5,17438099163.0,39.7,60.17757747642513,42.4,232.3196229707035,50.3,60.8
013570,디와이,금융,6.464749652309713,34.2,370529148216.0,52.6,76.38597740910265,53.9,167.46939374047594,64.5,44.5
002780,진흥기업,건설,0.2300099998891258,17.4,220255855069.0,60.9,121.914726553362,52.2,220.8605281580041,76.1,39.3
092220,KEC,전기전자,-4.824773889229658,18.8,67823572941.0,26.6,42.393597344134896,75.0,183.60088590722992,64.1,31.5
106190,하이텍팜,제조,26.91676208671557,93.7,23379278699.0,41.3,10.316419227053403,92.4,586.9110421588177,87.2,77.3
016710,대성홀딩스,일반서비스,1.33995357143054,44.4,203316903144.0,84.9,76.21326663587273,49.2,119.31880057146648,37.3,56.6
012320,경동인베스트,금융,-3.9985781679094097,7.9,62466481512.0,21.1,23.161676807639036,77.6,359.2404572383836,84.2,26.3
014530,극동유화,화학,5.091536385640148,28.1,257785199022.0,55.2,131.55780417485025,22.9,84.82625794873097,11.5,34.3
474170,루미르,제조,-24.94044338825222,13.2,4235109547.0,8.1,15.049257003078417,88.3,639.4471541241003,88.9,26.7
052860,아이앤씨,제조,3.882693547759539,45.5,8979582929.0,18.3,45.059959847811776,57.7,174.2900205284138,48.0,39.0
017510,세명전기,제조,44.188974493320266,99.0,12646054576.0,24.6,15.960125530676953,86.4,323.96371457386454,70.0,72.8
090850,현대이지웰,IT 서비스,11.58372644623432,68.9,30068122000.0,53.0,125.40717977219342,12.6,131.96185247062917,21.2,53.6
051980,중앙첨단소재,제조,-21.336902270139007,14.4,4899947039.0,9.8,24.032988579028032,76.4,175.54633068212823,48.1,23.2
063170,서울옥션,유통,9.050214619987372,73.3,4265472248.0,6.9,119.36276411166344,41.6,117.42692597876967,42.6,47.1
008970,KBI동양철관,금속,-0.1370920997487136,13.2,60304860128.0,11.3,75.15480971562303,56.6,171.14192829597462,64.2,21.9
047310,파워로직스,제조,2.306730539088077,38.8,200535182225.0,93.3,76.9621379961481,38.2,155.47430791204627,40.9,55.2
038540,상상인,IT 서비스,-3.583983132373423,29.1,126036063122.0,82.8,949.147121576355,1.3,100.81918133618126,11.9,40.5
067900,와이엔텍,일반서비스,18.65964687118612,87.3,34132042830.0,53.2,44.86266115185862,63.5,133.52244797424237,42.9,70.7
004250,NPC,화학,6.931644378584269,39.6,115248825844.0,31.2,42.4692258348572,74.0,103.70860196895298,24.0,40.0
256940,킵스파마,제조,-3.200526668837642,26.2,74884347015.0,75.7,193.65217485355583,10.1,106.43215116039396,20.0,38.6
010100,한국무브넥스,운송장비·부품,1.959831675379811,22.0,444046269857.0,62.0,155.03619439932586,42.0,121.19877615262612,46.0,38.3
037350,성도이엔지,일반서비스,5.862512117704999,60.3,174639903977.0,81.7,124.22172580218502,23.8,103.99595696827416,32.5,60.1
105330,케이엔더블유,제조,-9.975639995442211,20.0,18412542532.0,32.9,168.97228076610227,13.6,46.59253541286774,3.1,21.8
402490,그린리소스,제조,2.296417374025029,38.7,14419018413.0,27.1,105.55437707250316,25.7,111.30671361808491,23.2,32.4
002460,HS화성,건설,-6.669952152562762,10.9,81598558573.0,30.4,71.03815788763474,67.4,155.10088340344006,50.0,26.7
023450,동남합성,화학,8.631801578864188,59.4,62020077073.0,18.8,96.6750771854586,41.7,145.7956013818852,49.0,44.3
488280,에스투더블유,IT 서비스,-151.68672112833343,6.0,2085113562.0,6.0,69.75046843038967,37.1,337.4246087063344,68.2,14.7
387690,레메디,제조,45.80529538195242,99.4,6184057523.0,13.5,103.01753598643448,26.8,144.19899459545326,37.7,60.0
141000,비아트론,제조,13.596486298923171,76.1,25666161016.0,45.2,13.256499726760618,89.9,511.0732554108217,84.9,69.2
475230,엔알비,제조,9.443041545449452,64.1,19852947432.0,35.8,127.4070856033222,20.3,46.61052584223528,3.3,45.5
311320,지오엘리먼트,제조,19.53302174045278,86.5,17374246561.0,31.2,24.805826845304228,75.8,342.14714153204955,71.9,67.5
330350,위더스제약,제조,3.703044060883721,44.3,29072007092.0,49.1,38.57497330935147,64.4,204.4550145590075,55.4,49.0
310200,애니플러스,오락·문화,10.148664921301195,55.9,32305275703.0,38.2,78.84606237797875,26.5,91.35629846647257,17.6,44.0
021080,에이티넘인베스트,금융,-228.75018412675757,1.3,2218315553.0,2.6,1.8392540844124452,98.7,1382.5461980925934,98.7,21.2
018120,진로발효,제조,16.317897338728855,81.4,28770533357.0,48.5,20.052097874742127,81.2,459.8007416466506,80.9,71.5
123040,엠에스오토텍,제조,7.027720394769475,57.2,504849615793.0,98.9,159.47687854849505,14.5,106.22969853712686,19.8,61.6
011810,STX,유통,-44.69169596715199,5.0,42377000000.0,33.7,-354.31568262561325,100.0,29.74680072740468,3.0,24.8
067990,도이치모터스,유통,1.8154159765791693,36.6,710940942049.0,77.2,352.9210452139821,5.0,39.344952779172615,4.0,42.4
493330,지에프아이,제조,19.01674837319659,85.8,15537620039.0,28.6,12.59238158712096,90.6,644.0852656241108,89.3,69.5
051360,토비스,제조,8.407325349735762,61.5,188093380453.0,93.1,82.93353806154245,34.4,146.61396737400244,38.0,65.8
297090,씨에스베어링,제조,9.038885799189597,63.1,37804488030.0,56.8,52.02711959428764,53.7,170.56025821426363,45.8,58.7
012800,대창,금속,4.504919606499973,49.1,496772128424.0,75.5,199.68608326299545,9.4,122.56957624658013,30.2,50.7
246710,티앤알바이오팹,제조,-9.732535962081853,20.2,9535077986.0,18.9,337.4401637437394,2.4,33.114761399616576,1.9,16.2
189330,씨이랩,IT 서비스,-135.06158142974138,6.6,2013914268.0,5.3,13.376520838598912,90.7,980.1799626852508,92.7,23.2
242040,나무에이엑스,IT 서비스,0.9670847938512016,35.8,35482626775.0,56.3,132.82244271781065,11.3,136.73587247088457,23.2,38.0
120240,대정화금,제조,16.28747028063279,81.2,32308597562.0,52.0,16.827753710714557,85.0,478.4187887716407,81.9,73.0
101170,우림피티에스,제조,6.755097396516274,55.9,14204534956.0,26.7,14.676096517387183,88.5,304.4350337410429,68.3,52.0
115500,케이씨에스,IT 서비스,4.3972587013535485,45.0,5984119104.0,17.2,58.42464027730839,44.4,155.03930717159017,29.8,35.4
014580,태경비케이,비금속,8.280068815213598,77.8,119529936621.0,44.4,52.62423017608063,94.4,267.0536340329712,94.4,71.1
053700,삼보모터스,제조,1.0962793957822845,33.8,460286095991.0,98.5,211.92758252846676,7.4,94.14842215483122,15.6,48.6
453450,그리드위즈,일반서비스,-7.92141934539288,34.1,20856501644.0,44.4,44.66459438074229,64.3,356.62907351823844,76.2,44.2
248170,샘표식품,음식료·담배,4.635813316346948,50.0,100574215091.0,20.6,40.925295479576064,88.2,184.0820037627815,85.3,48.6
059210,메타바이오메드,제조,23.217271645092072,90.9,26990707736.0,46.7,49.27247249258996,55.2,153.13793512620575,39.9,69.3
100700,세운메디칼,제조,19.437318372654133,86.4,17713365846.0,31.6,5.489808722541113,98.2,1677.689669281541,98.6,72.4
054920,한컴위드,IT 서비스,-0.7139811030992727,32.5,99815476475.0,76.2,70.93729872058704,35.8,39.01883983761341,2.0,43.6
016740,두올,운송장비·부품,3.950250365412856,34.0,209247332938.0,48.0,97.3349858261418,58.0,171.7963713485543,62.0,43.3
336680,탑런토탈솔루션,제조,0.1674227595179608,31.5,178757459178.0,92.4,204.37767952093049,8.1,107.23818300898552,20.9,46.1
035000,HS애드,일반서비스,3.668256617879037,50.0,102766285151.0,71.4,126.87691159685026,23.0,160.51490855964445,46.8,52.9
109740,디에스케이,제조,-47.64164074879871,9.6,6431036956.0,14.2,30.607238702552912,71.2,171.13277182233276,46.0,21.3
120030,조선선재,금속,24.049476663576684,100.0,16445491211.0,1.9,6.828667232703683,100.0,1530.1005223440432,100.0,70.6
002450,삼익악기,제조,5.390487983402111,50.9,53941601817.0,68.1,96.88687956556802,29.0,69.09641268840667,7.9,50.0
073560,우리손에프앤지,제조,22.099013026274434,89.9,77006804063.0,76.4,61.80338642937401,47.7,125.05110969407896,28.1,75.8
123690,한국화장품,유통,-1.501972647757999,21.8,21048383236.0,21.8,73.50629910844596,56.4,179.85930098978022,65.3,29.4
079650,서산,제조,-2.509138399637148,27.1,12976014916.0,24.9,5.606507596914626,98.1,1214.101666469493,96.6,40.5
027970,한국제지,종이·목재,2.1243948207641425,46.2,220386265502.0,76.9,93.34600026969912,46.2,117.7988598411734,46.2,55.4
039560,다산네트웍스,제조,10.260634313092378,67.4,159155497708.0,90.8,81.75061796279256,34.9,148.75206901994667,38.8,68.2
267850,아시아나IDT,IT 서비스,5.0110158349067655,48.3,45048046671.0,61.6,19.87384116234756,78.1,467.22162619092586,78.1,58.2
006660,삼성공조,운송장비·부품,7.832220812683268,66.0,31891753498.0,6.0,14.390722279963116,92.0,708.5490496578491,94.0,53.4
006620,동구바이오제약,제조,-10.850921506674933,19.4,59475096590.0,70.5,123.45742282601606,21.2,89.76963004085582,13.4,34.5
131030,옵투스제약,제조,9.415636434836385,63.9,24640171921.0,43.2,9.814733194963432,93.5,402.5364573286609,78.1,62.4
008260,NI스틸,금속,10.375598086035666,86.8,76242949644.0,18.9,99.08167403818834,43.4,52.89149151225014,1.9,54.4
474610,RF시스템즈,제조,14.378694716661244,77.6,11583711330.0,22.4,57.06996159644389,50.0,158.05451562717704,41.8,54.9
009580,무림P&P,종이·목재,-2.4330992782317864,15.4,207911110297.0,61.5,253.0853957208638,23.1,78.46328715961711,23.1,30.8
071280,로체시스템즈,제조,16.01650703770641,80.9,46912671660.0,63.1,23.442369141454066,77.0,321.37680926446734,69.8,74.2
264900,크라운제과,음식료·담배,3.187250932526657,35.3,110668996156.0,26.5,55.56168427280522,76.5,174.9713931554593,79.4,41.1
053260,금강철강,제조,2.261662990545452,38.3,51955191950.0,66.8,23.058569252957977,77.5,437.8900601333883,80.1,54.9
396470,워트,제조,26.95627708342196,93.8,7705145479.0,16.2,5.8444753086525365,97.9,1751.3952226800122,98.9,71.4
074430,아미노로직스,제조,24.05518422382363,91.7,8245846303.0,17.4,53.53715440962182,52.4,228.06475484658523,59.4,62.1
013700,까뮤이앤씨,건설,11.16171136731163,84.8,109250618993.0,47.8,132.83362756785104,43.5,165.96741138227952,58.7,66.7
475580,에이럭스,제조,-5.748572933928946,22.3,21912577234.0,39.2,158.40849224302616,14.9,83.06519651899042,11.5,25.6
290720,푸드나무,유통,-28.158515908355213,7.9,12911739883.0,14.9,203.7788461656736,10.9,63.10360529219798,13.9,10.8
070960,모나용평,일반서비스,-24.084308948519425,28.6,34022853450.0,52.4,176.2466324755812,15.1,72.62041224354626,19.8,33.4
021820,세원정공,운송장비·부품,9.494042431247935,82.0,179353786749.0,34.0,9.493544095719072,98.0,918.2007003755572,96.0,70.6
119650,KC코트렐,기계·장비,-19.35418576906612,11.1,15546540629.0,11.1,253.27163693587372,7.4,149.0892891583843,48.1,13.6
067830,세이브존I&C,유통,8.584966315322802,71.3,31291394565.0,30.7,28.939197772972253,79.2,274.38680979810715,76.2,60.5
052420,오성첨단소재,제조,-20.80462379423423,14.9,11441072444.0,22.2,22.86865578579502,78.2,348.15473146891554,72.9,29.3
298540,더네이쳐홀딩스,제조,-1.8690098331190792,28.0,95558586389.0,81.5,69.35932196413638,42.2,96.99538304541312,16.4,44.8
246720,아스타,제조,-71.7089122723586,6.9,1169452243.0,1.9,23.34770171736292,77.2,1429.5870159891683,97.7,21.1
006840,AK홀딩스,금융,-0.0907798584667574,10.5,1025544139112.0,76.3,473.91368935872606,2.6,49.3676786381594,2.6,28.7
042500,링네트,IT 서비스,1.0712897742511522,36.4,57974359779.0,66.2,53.46196716367577,45.7,195.8895155248496,43.0,47.0
362320,청담글로벌,유통,2.954034807074112,49.5,65904018610.0,44.6,82.1874303816157,54.5,297.8998662676207,79.2,51.0
066590,스모트로닉,제조,2.884588599968286,41.2,105230489992.0,83.9,206.86760037273447,7.7,76.82660870722094,10.1,47.5
352090,스톰테크,제조,22.08465912072989,89.8,20768506817.0,37.4,45.23423563402277,57.6,422.726793361882,79.3,69.4
091440,한울소재과학,제조,-129.39295044372224,4.0,2735814091.0,5.8,315.09502475328105,3.1,25.81286768674974,1.3,4.2
357880,SKAI,IT 서비스,-88.38170555998761,8.6,2738335077.0,8.6,90.8109534021532,25.8,29.57973611572654,1.3,10.1
309960,LB인베스트먼트,금융,40.23735276820922,93.4,8536884635.0,5.3,8.716637623963685,94.7,504.3242391616475,90.8,66.9
012200,계양전기,기계·장비,-5.2455966937097545,14.8,97434303730.0,55.6,1358.8265476331935,3.7,81.97685525622978,7.4,25.1
042510,라온시큐어,IT 서비스,-5.533311308709382,27.2,12175896121.0,30.5,35.209059476766896,61.6,232.75338927031427,51.0,34.2
088130,동아엘텍,제조,1.7856156043405236,36.3,55481522484.0,68.5,134.35694622548354,18.4,140.2039815778599,36.1,43.8
235980,메드팩토,일반서비스,-346.1753650619152,11.1,1049247906.0,11.9,7.019806082123773,96.0,2306.3122653519576,96.0,28.3
066790,씨씨에스,오락·문화,-16.15880144736562,2.9,4564175025.0,5.9,17.236527056792443,82.4,503.3075699324974,79.4,19.5
014790,HL D&I,건설,5.950792424290168,56.5,445593489411.0,78.3,250.18154748650923,19.6,130.93396682024465,37.0,57.1
036220,오상헬스케어,제조,-42.24002354879314,10.5,19136783666.0,34.1,22.28303174087705,78.3,237.18019246654163,60.6,29.7
040350,크레오에스지,IT 서비스,-4.298126586111156,28.5,3181067641.0,10.6,92.2216312516086,25.2,102.96160013229216,13.2,21.5
068240,다원시스,제조,2028.586043168834,100.0,-1127637729.0,0.1,-221.9804025407284,99.7,24.2215418327389,1.0,62.1
005860,한일사료,제조,-0.3149103407825029,30.6,119772795032.0,85.6,35.520869351351735,67.0,284.4775462893963,65.7,54.3
032560,황금에스티,금속,11.8877024560909,92.5,103997412138.0,34.0,27.9630575013332,86.8,285.3227920886912,84.9,73.7
083500,에프엔에스테크,제조,26.76814594812485,93.6,14043472515.0,26.2,38.184566421663504,64.7,201.84359788022465,54.9,66.8
002230,피에스텍,제조,6.220428730123907,54.0,23333907468.0,40.9,36.00128927544428,66.2,407.3494396844525,78.6,53.5
086710,선진뷰티사이언스,제조,7.110677595975637,57.4,23572034611.0,41.7,98.07513192124657,28.5,128.83182065868837,29.8,47.0
250060,모비스,IT 서비스,-172.8361956853022,4.6,401341803.0,0.7,18.023962966190776,83.4,1550.9935480622285,98.7,20.4
255440,야스,제조,32.12048929650237,97.1,87220392857.0,79.0,61.05573193165581,48.1,184.73668916423583,50.9,82.1
217820,원익피앤이,제조,-2.1721628923128358,27.7,43185675822.0,61.3,259.4501092399102,4.8,84.5865484944595,12.2,33.8
417310,코람코더원리츠,부동산,67.35168497898398,57.1,7567308893.0,23.8,156.8201707857817,66.7,36.13983987094222,66.7,49.0
452190,한빛레이저,제조,11.447039055343277,71.0,4450792476.0,8.8,35.85189293522659,66.6,436.53857311962935,80.0,52.5
004100,태양금속,운송장비·부품,2.4433562079346203,28.0,159273838598.0,30.0,259.04335594398714,12.0,90.79035606326563,24.0,26.4
017650,대림제지,제조,13.103557713232854,74.9,47589284807.0,63.6,16.025691882736886,86.3,602.9421089103078,87.8,73.9
049950,미래컴퍼니,제조,19.223422843456163,86.0,23340149330.0,41.2,21.031176835444175,80.2,357.043037286705,74.6,71.0
125210,아모그린텍,제조,5.070575728742425,49.6,35784078181.0,54.8,146.853039440319,16.9,115.13796700954516,24.4,45.2
380550,뉴로핏,IT 서비스,-668.7403216701457,0.7,782420636.0,2.0,41.92848990776528,54.3,2120.4680668210267,100.0,15.5
007210,벽산,비금속,6.042486279159535,66.7,162600105885.0,61.1,79.21985762974056,61.1,133.7144147812308,55.6,63.5
040300,YTN,오락·문화,-2.512383628370089,14.7,32871874489.0,41.2,49.82639961629916,50.0,758.4345625560017,88.2,32.8
307870,비투엔,IT 서비스,-32.33407169795963,18.5,2726381964.0,7.9,59.18780719363291,43.7,143.3020640631789,25.8,18.9
008700,아남전자,전기전자,2.4874287566487783,39.1,45462488.0,1.6,80.782811399362,57.8,170.01721725857118,60.9,31.8
019180,티에이치엔,전기전자,5.387526161974609,56.2,287696640833.0,50.0,153.80159344744857,20.3,117.55427426095233,25.0,47.5
348350,위드텍,제조,14.469344444047092,77.8,18301939471.0,32.5,27.27935475362419,73.7,345.02272351335296,72.4,63.3
432470,케이엔에스,제조,9.958793269528208,65.9,17233778848.0,30.9,80.63472977918576,35.3,222.26346722430628,57.7,51.1
014440,영보화학,화학,15.898559112769956,89.6,31828213023.0,8.3,9.647048133053431,99.0,581.8427846815654,95.8,66.8
419050,삼기에너지솔루션즈,제조,5.920297674851055,52.9,64308136788.0,72.4,223.66233187913537,6.3,79.46499984648612,10.8,49.8
109610,에스와이,제조,-0.6649086567421225,30.1,152403501402.0,90.1,127.22829702453512,20.4,121.84529977695752,27.0,46.7
205100,엑셈,IT 서비스,20.467581259085325,85.4,12644149493.0,31.1,10.587890938737283,94.7,630.6572987393298,85.4,70.2
013310,아진산업,제조,2.6561169925191157,40.3,222117996369.0,94.6,348.98741027802,2.0,93.66868142903202,15.2,50.0
036580,팜스코,음식료·담배,4.672214260249485,52.9,433735332761.0,52.9,445.6114261013933,2.9,88.43879115707747,38.2,45.7
351320,넥사다이내믹스,제조,-301.9370735469308,2.0,864712237.0,1.5,332.1701288031184,2.6,52.74538868205232,4.0,2.1
008040,사조동아원,음식료·담배,2.840504550541338,32.4,168495606039.0,38.2,320.354312112317,8.8,70.94335215675316,20.6,30.4
053350,이니텍,IT 서비스,-4.546408188057773,27.8,9490066601.0,23.8,7.506678947458037,97.4,1474.0624357900492,98.0,40.6
023900,풍국주정,제조,10.508841336457811,68.0,41862904807.0,59.6,15.117343496569354,87.9,307.9096968980657,68.6,67.9
187790,나노,제조,2.244766971226994,38.0,25950413449.0,45.7,166.41510725347598,13.7,110.88278242166768,23.0,36.2
058820,CMG제약,제조,-10.441423775085305,19.8,28258871008.0,47.7,56.66395233203851,50.4,117.42130528235856,25.3,32.3
443670,에스피소프트,IT 서비스,6.498905037199018,53.0,13102284833.0,31.8,27.36024754854797,70.9,294.3389708585163,62.3,49.5
182360,큐브엔터,오락·문화,-9.46173749448461,11.8,21549455110.0,29.4,62.76047848939085,41.2,85.92039909019003,14.7,20.8
078140,대봉엘에스,제조,10.906420568958174,69.4,33650372437.0,52.9,57.4893282084064,49.7,363.9054876621776,75.1,62.5
058850,KTcs,IT 서비스,4.049945352019008,43.0,238407515948.0,90.7,88.87126056266831,27.2,170.52985910936152,35.1,54.8
040420,정상제이엘에스,일반서비스,10.561606283506334,74.6,24890996790.0,47.6,29.03266680858101,80.2,53.41428829962672,12.7,62.2
025620,차AI헬스케어,화학,-38.99162343451183,2.1,2908602223.0,1.0,50.22106670345223,67.7,58.43841106842754,5.2,9.9
107600,새빗켐,제조,4.989867205741134,49.1,17378914493.0,31.4,84.39426791304048,33.9,314.49542591068933,69.4,43.6
053580,웹케시,IT 서비스,16.411885359830773,78.1,20326789987.0,43.0,19.18547141631163,79.5,274.2074804725468,58.9,66.2
282720,금양그린파워,건설,2.1357350680833505,28.3,84210500819.0,32.6,73.46566038771205,65.2,161.84972307013695,56.5,36.3
002200,한국수출포장,종이·목재,-12.601304940481231,7.7,77202976112.0,23.1,30.36951813684441,69.2,212.54089607420084,69.2,24.6
306620,지아이에스,제조,7.587938708759763,58.7,34006796207.0,53.4,226.00217976953095,6.0,92.83945311271212,14.6,47.3
093920,서원인텍,제조,2.8536289763579847,41.1,43656330249.0,61.6,15.228707610787335,87.8,580.2557956284818,86.8,56.5
129920,대성하이텍,제조,-9.468470151317804,20.5,23116906248.0,40.6,194.26637158967105,9.9,106.85099762181622,20.4,25.2
063080,컴투스홀딩스,IT 서비스,-33.91726527672432,17.9,15553084401.0,36.4,116.20960083421078,14.6,27.668281979809155,0.7,21.7
357230,에이치피오,제조,4.963886212397672,49.0,78492968841.0,77.0,39.154354630594376,63.1,271.6137606722218,64.5,60.3
226400,오스테오닉,제조,18.368841604696083,85.1,13183087922.0,25.2,57.81783315826807,49.6,227.09378484747447,59.2,60.8
058860,KTis,IT 서비스,4.587583737884003,47.7,155355529996.0,84.8,85.48945969627286,29.1,185.54299661086665,37.7,55.8
317770,엑스페릭스,제조,-15.359089090161673,17.0,5258600795.0,11.1,49.83180115112694,54.8,125.28646008498752,28.5,20.7
363280,티와이홀딩스,금융,19.52192701899541,81.6,26347288595.0,14.5,87.74187590314212,46.1,49.640988723081,3.9,51.0
004890,동일산업,금속,7.8058561745352915,75.5,103121421802.0,32.1,14.376391088252758,92.5,596.9838837885658,92.5,65.9
099750,이지케어텍,IT 서비스,1.350943266545705,37.1,20454883180.0,43.7,38.99155716855733,57.6,268.4314076839672,57.0,43.1
413390,엠오티,제조,3.864956312138733,45.2,31138939869.0,51.0,133.9916945246988,18.6,141.5074292424086,36.5,43.1
096240,크레버스,일반서비스,4.314258020256328,53.2,55501418477.0,62.7,267.620382669623,4.0,52.74910585492567,11.1,46.8
009300,삼아제약,제조,9.95266513645728,65.7,18779042200.0,33.4,8.765608363647056,95.1,1010.7616862617216,95.5,61.9
263720,디앤씨미디어,오락·문화,14.1171270430564,73.5,15935034927.0,20.6,17.159341700357682,85.3,444.0223901621838,73.5,59.0
209640,와이제이링크,제조,13.36406570889028,75.6,18494846874.0,33.1,77.6031327866037,37.4,212.2898030588082,57.1,56.8
156100,엘앤케이바이오,제조,10.860923211174017,69.1,11735121308.0,22.8,93.95250404528107,30.7,189.0852649626104,51.8,49.2
029480,광무,제조,-93.5931596709285,5.4,951639246.0,1.8,15.51618802849559,87.2,1258.675805810666,96.9,21.5
330730,스톤브릿지벤처스,금융,10.791910725954832,51.3,15995221336.0,9.2,20.07459787147433,81.6,482.58379260171046,88.2,45.3
172670,에이엘티,제조,12.969832337142458,74.7,16435240222.0,29.7,110.92933899969093,24.3,40.495164671836086,2.6,49.4
139990,아주스틸,금속,0.3589368475760794,18.9,294487892268.0,64.2,709.9480053943164,1.9,64.25039716472591,3.8,29.2
048530,인트론바이오,제조,-80.40497577893049,6.4,2034765640.0,4.0,9.971448804750777,93.2,955.991642210848,95.0,23.2
001020,페이퍼코리아,종이·목재,6.789325854687411,76.9,80315912562.0,38.5,77.5677670001086,53.8,211.82238521219512,61.5,61.4
322180,LS티라유텍,IT 서비스,-15.760254244049085,23.2,16789687292.0,37.1,59.78733417032564,43.0,225.0260578580808,49.0,31.8
023000,삼원강재,운송장비·부품,2.7855579790783653,32.0,93327024335.0,20.0,20.09554313956611,90.0,392.9819586468242,86.0,39.7
289930,웨이비스,제조,-9.129282521864305,20.8,7749337873.0,16.6,47.58577352660496,56.0,657.2383412809003,89.5,29.3
004140,동방,운송·창고,2.18340752411572,40.0,242037009932.0,44.0,289.536686763136,32.0,87.1811721716491,44.0,40.6
006090,사조오양,음식료·담배,0.5163611883311238,17.6,92117106930.0,17.6,76.50622509732783,70.6,78.71894715646344,29.4,24.9
025950,동신건설,건설,-5.876574260146379,13.0,9753076412.0,6.5,10.98633559860222,97.8,890.9994905792429,100.0,28.2
032300,한국파마,제조,8.357106038948457,61.2,25905813722.0,45.6,77.27851565676357,37.7,158.17926072237998,41.9,52.2
004650,창해에탄올,제조,14.23209790029632,77.2,31100200617.0,50.9,32.87302934989131,69.6,140.17978475873804,36.0,65.1
102370,케이옥션,유통,2.7128217954259117,48.5,4026211828.0,5.9,88.00734534680184,52.5,57.21658753783603,11.9,33.3
478560,블랙야크아이앤씨,제조,23.58985930217927,91.2,24875955803.0,43.8,146.60423137717592,17.3,173.73367385111882,47.6,64.6
130580,나이스디앤비,일반서비스,34.63330000900377,95.2,31987861339.0,50.8,19.35673792759799,88.9,486.999035026248,82.5,80.1
072020,중앙백신,제조,9.60809723868644,64.7,11901478582.0,23.3,16.097460590392824,86.0,431.3860050998367,79.7,56.0
149980,하이로닉,제조,10.175587298210326,66.9,10798088924.0,21.0,11.652142713949374,91.6,880.4729162695193,93.1,58.2
023800,인지컨트롤스,운송장비·부품,5.0561979147702205,54.0,183652612685.0,36.0,171.64851084315896,36.0,77.69926957428915,8.0,42.8
044990,에이치엔에스하이텍,제조,8.618924833471292,62.1,22825812732.0,40.2,16.07079630803624,86.1,528.1522601220832,85.4,60.3
033290,로젠,유통,1.514989760944532,32.7,190148236923.0,65.3,140.18200418879175,31.7,66.44295028853624,14.9,40.9
089230,THE E&M,IT 서비스,-55.59354559128803,13.2,7325592244.0,19.2,115.5004794086381,15.2,71.77892008098476,5.3,14.6
079810,APS이노베이션,제조,3.3752509639430848,43.8,15848951551.0,29.2,32.97075625702353,69.4,402.53989629982686,78.2,45.2
054540,삼영엠텍,제조,2.4173222398554106,39.3,131393130946.0,87.8,129.83734477462392,19.5,132.74318549778346,32.2,50.9
045970,코아시아,제조,-2.2995944882072785,27.3,132073290990.0,88.2,228.90799375855565,5.9,114.99859549094612,24.3,42.8
066980,한성크린텍,일반서비스,2.974719524356563,49.2,50483710908.0,60.3,176.1457522572308,15.9,86.5561860397842,24.6,46.6
282620,기도산업,제조,8.309715216430721,61.1,71101987735.0,74.1,93.2310733203997,31.2,132.1536225921683,32.0,59.1
005740,크라운해태홀딩스,금융,4.753857301516305,23.7,264738135892.0,38.2,95.36797553487236,43.4,82.27568111153123,19.7,30.1
004770,써니전자,전기전자,6.898520924516287,65.6,3545337177.0,4.7,2.3700291264928,100.0,6027.802467875339,100.0,54.2
086960,MDS테크,IT 서비스,7.287525897334486,57.0,57637262854.0,65.6,41.7838609481603,55.0,195.1737319760632,41.1,58.1
091120,이엠텍,제조,-18.10015193230445,15.7,40430175942.0,58.2,82.47709646074067,34.6,95.59578961406233,15.9,30.7
418470,KT밀리의서재,IT 서비스,14.22648805370636,73.5,23845799801.0,48.3,29.16742281164009,68.9,420.57866296553874,74.8,65.5
302550,리메드,제조,12.828419418379651,73.8,7369232952.0,15.4,44.70998750206749,57.8,233.88661969388968,59.8,53.2
049180,셀루메드,제조,5.076088137623044,49.7,30813927154.0,50.8,182.94893365091423,11.2,133.44391828078648,33.1,44.1
223250,드림씨아이에스,일반서비스,11.328811055123085,77.0,20011130038.0,42.9,89.44754985409362,41.3,103.58594718303672,31.7,58.9
183490,엔지켐생명과학,제조,-17.28036144106899,16.1,23543043251.0,41.6,13.086039698561075,90.1,1311.6663649527384,97.1,39.1
067000,조이시티,IT 서비스,1.509311233151644,37.7,38635295040.0,58.9,146.32775040800118,9.3,75.00937964339693,6.6,38.2
066430,아이로보틱스,유통,-6.856217002191932,10.9,12086117180.0,12.9,27.44627246273152,83.2,155.56015375109098,61.4,24.2
111380,동인기연,섬유·의류,12.662326708022578,95.2,71294801028.0,47.6,92.56606216256252,42.9,141.7403765965356,38.1,70.1
215100,로보로보,제조,-54.43600764014346,8.7,2218118035.0,4.5,8.500930058715774,95.6,500.69259836851154,84.0,23.9
038110,에코플라스틱,제조,4.085485340989399,46.6,633464444000.0,99.4,381.5045770608316,1.6,57.1412682063452,4.9,53.7
217190,제너셈,제조,17.92294477815235,84.3,23289263738.0,40.7,97.36632574584776,28.8,138.37478074029266,35.1,60.6
104460,디와이피엔에프,제조,2.926657755496662,41.4,36761810908.0,55.9,54.43877360704382,51.4,106.0894515623802,19.6,45.2
137950,제이씨케미칼,제조,8.021224892136193,59.7,142806357957.0,89.2,179.45737607229609,11.6,91.60496763678574,14.0,59.1
002600,조흥,음식료·담배,4.45900645979112,47.1,126187444574.0,29.4,238.76497811826263,14.7,91.41753329535013,44.1,37.7
040910,아이씨디,제조,6.087195269255872,53.4,29017603886.0,49.0,96.27175155885244,29.3,142.0725074730829,36.9,47.9
037030,파워넷,제조,6.619487042097914,55.2,104243907936.0,83.5,79.4681198957257,36.0,88.29411517902004,12.6,58.0
131370,알서포트,IT 서비스,18.214052101566796,80.1,14166058440.0,33.8,13.777201002511774,89.4,268.5741415788574,57.6,65.5
487400,케이앤에스아이앤씨,제조,-38.87088695778055,10.6,3795272767.0,7.2,176.91219963040712,12.2,126.74548103990652,29.0,11.2
004840,DRB동일,화학,5.117263029794726,29.2,218500373518.0,49.0,88.03822176109813,46.9,127.74805289045472,42.7,38.3
185490,아이진,일반서비스,-294.764045765949,13.5,1339438541.0,13.5,30.103889038598712,77.8,397.02022889860274,77.8,26.4
054670,대한뉴팜,제조,3.8422333727442046,45.0,55966274830.0,69.1,88.79573122137135,32.9,176.15892413908253,48.5,51.1
101330,모베이스,제조,2.509837934747726,39.9,332794351554.0,97.1,124.93261524395284,20.5,116.55362481199516,24.8,53.5
201490,미투온,IT 서비스,19.175623299974813,82.1,24851428527.0,49.0,6.599883305662687,99.3,994.1030529152652,94.0,75.2
109070,주성코퍼레이션,전기전자,-1.101573456434502,23.4,24250955707.0,14.1,51.043087715024896,70.3,313.4371167058527,84.4,31.1
234300,에스트래픽,IT 서비스,-14.405620769734895,23.8,18799815574.0,42.4,82.57636427972412,32.5,102.15820622522044,12.6,29.5
007980,TP,섬유·의류,5.106491510771261,57.1,274359189464.0,61.9,188.960290022639,23.8,146.5804415890658,42.9,53.4
175250,아이큐어,제조,6.364245765016525,54.2,37653685943.0,56.7,251.7344841617429,5.0,61.230105430282656,6.0,45.2
487580,폴레드,제조,8.16977047219541,60.3,25266411058.0,44.3,41.861009988450256,59.6,309.46331426946534,68.8,56.1
0017J0,세미티에스,제조,-16.61660996834073,16.4,2493545403.0,5.3,8.29940578777018,96.0,2116.684223020753,99.2,29.2
105740,디케이락,제조,9.632409907675742,65.0,39520297781.0,57.6,70.92789983804605,41.2,155.1680231492936,40.6,58.0
412540,제일엠앤에스,제조,3.3623920944694645,43.6,111617300825.0,85.0,-357.90335115677266,99.9,59.46500520744937,5.8,59.8
069730,DSR제강,금속,12.046355240585022,94.3,64084048028.0,15.1,41.9739552059438,73.6,200.5723930817896,71.7,66.2
337930,젝시믹스,IT 서비스,7.190128602710033,55.6,74377729113.0,70.9,44.09720722018306,51.0,315.8729514218534,65.6,60.4
037760,쎄니트,제조,1.987589205348165,37.0,36524731471.0,55.4,136.4736569983321,18.3,90.898770968603,13.7,38.4
036640,HRS,제조,17.724305648274672,84.1,24722696832.0,43.5,13.407617750348056,89.8,466.4160228574255,81.4,72.4
040160,누리플렉스,IT 서비스,-0.3509706149104114,33.1,25251323967.0,49.7,110.0511189804255,19.9,88.08846586002164,9.3,34.6
013360,일성건설,건설,3.4630977392334783,41.3,107353073056.0,45.7,446.44609575295766,4.3,125.96049145102306,32.6,37.5
065450,빅텍,제조,2.7658249186951114,40.7,22574277308.0,39.8,103.55756918783908,26.6,133.4432441924926,33.0,38.1
055490,테이팩스,화학,7.822274081780015,49.0,40696984978.0,10.4,30.0325796821246,83.3,153.9405090614808,53.1,41.9
002220,한일철강,금속,4.624619442862456,54.7,61757186192.0,13.2,122.8907655034354,30.2,77.6952833398947,5.7,35.4
090470,제이스로보틱스,제조,-103.0211061715207,5.2,4040519898.0,7.6,98.28589427497822,28.2,104.07202879745388,19.1,9.8
019680,대교,일반서비스,-2.346295167737797,39.7,158618635463.0,79.4,115.39345986420471,29.4,48.63977844771807,8.7,47.9
451250,삐아,제조,8.119659295729036,60.2,21795737808.0,38.9,21.959033851616063,79.1,585.8951713387465,87.0,58.2
246960,SCL사이언스,제조,5.344191368876155,50.6,7590079041.0,15.7,244.5835577381158,5.2,57.00693567751905,4.8,31.0
214680,디알텍,제조,5.0423266368424775,49.5,37003506464.0,56.0,178.05551800493234,12.0,194.3571798861836,53.1,47.2
003580,HLB글로벌,유통,-2.8075119859532527,13.9,31163761415.0,29.7,58.54789839117315,58.4,117.53453706500216,43.6,26.4
033560,블루콤,제조,8.171251266778267,60.5,1942281504.0,3.5,15.856608952369903,86.9,101.04659697638384,17.9,43.2
100130,동국S&C,제조,-60.77833524585181,7.8,5034036761.0,10.5,34.11324891959844,68.4,121.0811223872813,26.7,17.4
038680,에스넷,IT 서비스,1.6787560890079984,39.1,186051978870.0,88.1,181.2313025154297,5.3,134.11510020604572,22.5,48.4
009180,한솔로지스틱스,운송·창고,3.346674951178777,52.0,182813293829.0,32.0,102.99745345910657,64.0,166.4866120333542,80.0,49.7
299660,셀리드,일반서비스,-121.1505814727446,21.4,2065576351.0,17.5,80.40641567236815,46.8,57.49608390903441,13.5,22.6
320000,한울반도체,제조,-23.757093493449315,13.5,14107507389.0,26.3,326.55768768358564,2.8,79.06924123030554,10.6,15.8
163560,동일고무벨트,화학,7.25172845798085,42.7,103548476291.0,28.1,48.413159300920285,68.8,224.18775348547064,72.9,43.9
381620,제닉스로보틱스,제조,-56.52463313532549,8.3,4476681837.0,8.9,66.94665497506995,43.8,209.21191070161436,56.4,16.6
066700,테라젠이텍스,제조,3.8215834917378353,44.6,69256482443.0,73.6,67.50022394112057,43.6,178.12834518485357,49.4,53.6
053280,예스24,유통,-2.5577405598942398,15.8,135760359258.0,61.4,197.5474293682937,12.9,47.57823974669503,7.9,28.5
084680,이월드,제조,8.507446034149421,61.8,29177807829.0,49.4,89.3414924164157,32.7,19.4511569072507,0.6,49.7
058400,KNN,오락·문화,6.951184711385443,50.0,14150855226.0,14.7,7.184918808846833,97.1,1179.705785732635,94.1,48.6
124560,태웅로직스,운송·창고,1.6596869190344137,36.0,355643914000.0,60.0,151.9434196417602,48.0,116.99858590674172,72.0,47.5
078890,가온그룹,제조,6.218779496927626,53.9,127024697626.0,86.8,280.3285076497841,3.9,129.9177695293248,30.2,55.9
012700,리드코프,유통,2.161579184234764,38.6,113151600267.0,55.4,175.1998789575113,17.8,151.11092351217107,57.4,42.6
005750,대림바스,비금속,8.187215067282368,72.2,80255346122.0,27.8,89.10111117592463,55.6,107.66558840571628,44.4,54.7
382840,원준,제조,-410.76222704186944,1.6,3464106421.0,6.7,79.16688808401993,36.5,164.56911868940338,44.0,10.7
115440,우리넷,제조,2.251796066806375,38.2,22420023218.0,39.7,39.20085271153847,62.8,274.8719634931034,65.2,43.8
048910,대원미디어,유통,5.618720589545336,57.4,124485053377.0,58.4,94.7294418945054,48.5,181.93639139012976,66.3,57.3
371950,풍원정밀,제조,-44.54489923158987,9.9,10201217065.0,19.9,748.9793139825291,0.5,15.954905646471628,0.4,11.0
251120,바이오에프디엔씨,제조,39.21740767174295,98.4,5362219496.0,11.6,4.690464094555986,98.9,1908.713282055558,99.1,72.5
0011A0,액스비스,제조,-2.7502426872724413,26.6,12045816085.0,23.6,80.09710167821915,35.5,243.09258900658676,61.5,29.6
463020,뉴엔AI,IT 서비스,4.274147994727923,44.4,5311000000.0,14.6,7.71534326581478,96.7,1203.600201409869,96.0,45.9
302430,이노메트리,제조,-14.729593397311158,17.1,14630713380.0,27.2,36.75485744617496,65.7,267.95538308015546,64.1,29.7
000850,화천기공,기계·장비,8.654281882552613,48.1,74917929032.0,37.0,28.907486125613325,88.9,245.02425062310977,74.1,51.7
015590,DKME,기계·장비,-33.28065462886446,7.4,16476411270.0,14.8,46.85927642997219,63.0,310.6951746476394,85.2,22.5
007820,엠엑스로보틱스,제조,-5.131465524147963,23.9,28732580762.0,48.4,129.53635678673055,19.8,148.19322890378294,38.5,31.9
065510,휴비츠,제조,6.561067664116539,54.8,32531453237.0,52.1,100.840476745302,27.6,109.67657808568336,22.4,48.1
347890,엠엑스온,제조,0.6966256042708818,32.2,40414004061.0,58.1,70.31453092798338,41.4,182.4200122240105,50.0,42.5
088390,이녹스,제조,20.127235248414387,87.3,26169598924.0,46.1,54.89102570402884,51.3,128.98620597925486,30.0,66.0
091590,남화토건,건설,0.2681879387527681,19.6,18613422450.0,10.9,12.774005190239846,93.5,167.45369527258345,60.9,29.2
0117P0,피스피스스튜디오,유통,1.0793136534875036,31.7,19039903492.0,20.8,24.900268571570397,84.2,486.2043434341735,92.1,39.6
338220,뷰노,IT 서비스,-68.87366382313218,10.6,6111075522.0,17.9,34.35012006219624,62.9,344.607574690776,68.9,23.7
011700,한신기계,기계·장비,7.793822535610433,44.4,14349599287.0,7.4,37.04084443239256,77.8,236.52105799852723,66.7,39.1
011370,서한,건설,15.076007721748272,97.8,147604662552.0,54.3,127.08909237758196,47.8,264.4005155195504,80.4,77.4
0155E0,해치텍,제조,-2.2578470069867818,27.6,4984041153.0,10.3,59.26195201483674,49.2,207.22759605777603,56.0,27.3
063160,종근당바이오,제약,-12.177258699827089,14.9,41085659452.0,23.4,145.09023461340277,12.8,105.93224681083623,29.8,18.4
058630,엠게임,IT 서비스,11.489998706832749,68.2,21259345961.0,45.0,18.037797461066287,82.8,359.5230090105545,70.9,63.2
263800,데이타솔루션,유통,4.1413869153165,53.5,30118621334.0,27.7,137.06610829123613,32.7,148.77064447452176,54.5,43.3
000590,CS홀딩스,금융,19.11423536604893,77.6,39175133269.0,15.8,8.328069348455093,96.1,1274.6371691585312,97.4,62.9
045660,에이텍,제조,19.54526154212109,86.6,53575930511.0,67.6,57.94692325106222,49.5,113.63901170975832,24.2,71.5
205470,휴마시스,제조,-42.79057523360167,10.2,7738386939.0,16.5,40.30450993944398,61.1,205.7287471059988,55.8,21.8
094860,네오리진,IT 서비스,-47.65264973663983,13.9,4019267383.0,12.6,18.1087366090045,82.1,478.1999793211721,78.8,26.9
052460,아이크래프트,IT 서비스,-0.7280059416950013,31.8,40029794856.0,59.6,89.28656220199227,26.5,182.04841329301345,36.4,39.9
007590,동방아그로,화학,4.366805493196041,26.0,48896147088.0,12.5,44.53177026886218,70.8,353.87710895019933,87.5,32.2
228670,레이,제조,16.557986166887815,82.0,34146708694.0,53.5,123.35603336002958,21.3,131.3419510094195,31.1,62.1
073640,테라사이언스,제조,-54.71320149836959,8.6,3889837355.0,7.3,111.21701763032527,24.1,136.51989766424327,34.5,12.1
013870,지엠비코리아,운송장비·부품,4.603466429899269,46.0,215775493039.0,50.0,127.58935052115793,54.0,111.4071564078748,40.0,47.7
290660,다이나믹솔루션,제조,-22.772296138095214,13.9,4171842164.0,7.8,74.87765236995958,39.2,134.79590713743931,33.9,16.7
475430,키스트론,제조,13.189937854052747,75.2,24847978643.0,43.6,14.244923641877788,89.3,510.6050271219767,84.8,68.2
039980,폴라리스AI,IT 서비스,4.512977647667812,46.4,11062505600.0,27.8,18.98574867138891,80.1,242.61015560167883,54.3,45.5
047820,초록뱀미디어,오락·문화,-2.012283332899011,20.6,25172521867.0,35.3,28.178831541628156,70.6,309.6079397369175,70.6,35.0
024880,케이피에프,제조,4.175737284069237,46.9,213567493243.0,94.0,101.34079812369094,27.3,118.09219643459537,25.7,57.0
365330,에스와이스틸텍,제조,-7.042325790458567,21.3,37647005661.0,56.5,68.76486380141115,42.7,189.84318080913184,52.0,36.9
067370,선바이오,제조,12.716732787960972,73.7,2236153293.0,4.7,114.16412010283383,23.4,45.63125803464707,3.0,41.3
004590,한국가구,유통,9.90563204801685,78.2,37041050871.0,31.7,28.02489012024061,82.2,251.11394666802332,73.3,64.3
225530,HC보광산업,제조,15.98355189490329,80.6,14968925998.0,27.8,95.33810523749928,30.0,194.2970625795942,53.0,56.5
041930,SY동아,제조,2.214582060199254,37.8,98694462232.0,82.1,68.43571296178686,43.2,173.2178233693936,47.2,52.5
265560,영화테크,제조,14.208924339071867,77.1,28071643601.0,47.5,35.87374369257682,66.5,292.9731458152824,67.0,66.1
060590,씨티씨바이오,제조,11.261432026951358,70.3,33687242572.0,53.0,90.57472287618624,32.4,156.14119472625978,41.1,58.2
208140,정다운,제조,6.849034643479911,56.5,42055048995.0,60.1,77.15977683211615,37.9,175.64461426840657,48.2,54.7
140070,서플러스글로벌,유통,-0.9262066997499376,23.8,38775951642.0,32.7,147.18034811325776,27.7,131.7026236927914,48.5,28.9
001260,남광토건,건설,2.809852393336544,32.6,80296104000.0,28.3,219.7403806592801,26.1,116.08019576538996,28.3,30.2
000230,일동홀딩스,제약,1.2535887435414936,40.4,153984672800.0,70.2,121.83021070169612,19.1,81.45291527685751,10.6,44.4
457600,벡트,제조,-28.28785120294955,12.1,6059474736.0,13.0,129.64228931152886,19.6,97.82944056002742,17.3,13.7
277880,티에스아이,제조,6.0807659849202125,53.3,116645573199.0,85.3,123.9690654879584,20.8,162.5197842668782,43.1,58.2
080010,이상네트웍스,유통,31.2276455095596,99.0,28763080698.0,26.7,21.511546423088824,89.1,401.6908262139132,88.1,75.2
010960,삼호개발,건설,1.2045142904885413,21.7,95582312812.0,41.3,48.0080830246923,76.1,189.54092385092497,69.6,37.9
014160,대영포장,종이·목재,3.159818618963729,53.8,79986998742.0,30.8,42.88785171862018,61.5,129.94633850933798,53.8,47.8
204840,지엘팜텍,유통,2.381158284208988,40.6,9701712924.0,9.9,146.3787314576903,28.7,97.95725071081682,29.7,29.1
128660,피제이메탈,제조,9.596726214742391,64.6,122814735226.0,86.1,110.97888979974238,24.2,146.5607639676893,37.9,64.1
170030,현대공업,제조,7.325296118037736,57.8,85515790489.0,78.3,50.509260731256646,54.4,190.31641197542763,52.1,63.1
417790,트루엔,제조,26.72741837148976,93.5,16665812912.0,30.4,5.34021447164328,98.6,1476.9021011094885,98.0,75.5
173130,오파스넷,IT 서비스,4.090551345521095,43.7,47340933029.0,62.9,114.51826545729966,17.2,221.0364702915852,48.3,46.6
294630,서남,제조,-134.1323985393196,3.8,1197639391.0,2.3,79.46746283313477,36.1,132.66935168024253,32.1,9.5
389030,지니너스,일반서비스,-127.385958559598,19.8,3606850291.0,22.2,34.13328734938691,75.4,310.8119454001961,73.0,31.4
212710,아이에스티이,제조,12.30524528682164,72.8,16849737146.0,30.6,152.12928877965516,15.7,73.73389999385444,9.3,48.2
142280,녹십자엠에스,제조,2.73910899605335,40.6,27112896313.0,47.1,72.8738444293687,40.3,146.8713667894007,38.2,42.3
011320,유니크,제조,4.007611507875125,46.2,121438562656.0,85.9,115.65405023344532,22.9,119.31471783963192,25.8,53.7
084730,팅크웨어,제조,-2.6539878440545723,26.8,133793639144.0,88.3,74.60812398318791,39.4,178.76327562445576,49.5,48.6
085670,뉴프렉스,제조,3.827536425684039,44.7,37117508653.0,56.2,52.93081734283942,52.9,128.37568872187398,29.5,47.9
076610,해성옵틱스,제조,0.7261991530017131,32.5,55887149871.0,68.9,306.386102137615,3.5,68.30938327411438,7.6,37.9
011150,CJ씨푸드,음식료·담배,-1.19798675338196,2.9,48254180054.0,8.8,93.36238285290749,64.7,98.71909685488538,52.9,16.1
004720,팜젠사이언스,제약,3.767970167054541,57.4,47717245819.0,27.7,31.528555433750466,83.0,332.9609745029658,83.0,53.6
214260,라파스,제조,-23.345079799738528,13.6,7582172964.0,15.6,146.80882221465956,17.0,76.56469221423399,9.9,14.3
020710,시공테크,일반서비스,1.325948866345062,43.7,23778367251.0,46.8,32.62194418845707,77.0,225.792186815072,59.5,49.9
054040,한국컴퓨터,제조,1.5485771647359388,35.5,77758425374.0,76.7,77.42195062208623,37.5,130.12047502799766,30.4,47.7
061250,화일약품,제조,-3.7283237268299394,25.7,24463367369.0,42.9,4.04456145300452,99.1,1707.3769759028935,98.7,45.5
303810,동국생명과학,제조,0.0901781341991655,31.2,24257952545.0,42.6,63.95168525160987,46.6,172.9497966665938,47.1,37.7
019540,일지테크,제조,1.6808003973378791,35.8,206970740756.0,93.5,234.774045886204,5.7,109.32334379340828,22.2,48.4
017480,삼현철강,제조,8.79701453892422,62.3,61402095337.0,71.5,12.569404442403268,90.7,775.2559657131268,91.7,70.8
253840,수젠텍,제조,-137.03156465076768,3.7,3083568474.0,6.2,27.300704943524146,73.6,911.0777058534824,94.0,20.1
360070,탑머티리얼,제조,-189.78804958974985,2.8,5082813705.0,10.7,91.48179473795312,31.9,84.0489589755805,11.8,9.4
000440,중앙에너비스,유통,-6.466421692283388,12.9,14951404378.0,19.8,7.911459873577136,96.0,373.95360413560223,86.1,30.8
067170,오텍,제조,2.037344008031644,37.3,250977984957.0,95.2,381.2295939877637,1.9,94.1184801123886,15.5,48.7
217330,싸이토젠,일반서비스,-17.798674387562123,30.2,6833976916.0,30.2,62.23533750117271,55.6,749.3029664558406,86.5,37.8
002720,국제약품,제약,4.416019182224473,61.7,48317716295.0,29.8,86.38393234954822,34.0,113.87302995386096,34.0,46.6
095720,웅진씽크빅,일반서비스,1.995214511922304,46.0,190878290191.0,82.5,181.492001775747,13.5,77.09335500279276,21.4,51.1
052900,KX하이텍,제조,17.980607947666314,84.4,40447310192.0,58.3,39.62481952458976,62.1,226.10496731976215,58.7,71.8
000180,성창기업지주,일반서비스,1.1249750536845284,42.9,34722061500.0,54.0,27.104205972233785,84.1,95.84413265602431,30.2,50.2
064800,포니링크,유통,-36.88670969492826,6.9,11974410327.0,11.9,23.716711843970916,85.1,346.31503297357534,82.2,23.8
007610,선도전기,전기전자,-34.06041836509047,4.7,3013066933.0,3.1,129.4436780215034,31.2,97.02093900363376,15.6,8.3
041910,폴라리스AI파마,제조,5.296190038497342,50.5,14704831574.0,27.6,33.00801017857746,69.1,830.5150872815592,92.6,49.2
377480,마음AI,IT 서비스,-313.4610033410828,2.0,961613111.0,2.6,117.00043337176928,13.9,57.14012879002031,2.6,3.7
030960,양지사,제조,-10.882896079698682,19.3,55863645104.0,68.8,9.42171333205377,94.5,788.5667751276031,92.1,49.0
033130,디지틀조선,IT 서비스,33.436698517976446,94.0,11215793506.0,28.5,15.405643771700008,88.1,592.1345997227247,84.1,72.8
0156T0,에이치엘지노믹스,제조,32.02599078731209,97.0,6607737347.0,14.6,7.610771343846381,97.0,1621.2464945296758,98.5,72.4
058730,다스코,금속,-4.882366367356443,3.8,80365349582.0,20.8,153.93756407825302,18.9,92.40749903289348,15.1,11.6
171120,라이온켐텍,제조,12.350156838431214,72.9,42021891567.0,59.9,16.805918480221635,85.1,401.267673607864,78.0,70.9
338100,NH프라임리츠,부동산,96.15042870476452,100.0,10020714267.0,28.6,0.146112366859382,100.0,39044.02025127188,100.0,78.6
234920,자이글,제조,26.491650435521493,93.3,2722182643.0,5.7,158.9682691439951,14.7,19.132384878619373,0.5,50.2
084670,동양고속,운송·창고,-4.16829891266581,28.0,33678029657.0,12.0,192.7422540267255,40.0,16.15034853828832,8.0,23.0
234030,싸이닉솔루션,제조,1.5061710270716098,35.1,49996308219.0,65.2,120.88423885720964,21.8,176.35908319253576,48.7,43.6
332370,아이디피,제조,21.77375516108124,89.3,11882043634.0,23.2,8.460016830585099,95.7,1148.2039370343791,96.2,70.8
031820,아이티센씨티에스,IT 서비스,2.615975566258355,40.4,260610992967.0,91.4,103.66137754474327,21.9,118.98611954229574,17.9,51.7
0015S0,페스카로,일반서비스,5.052859699371734,55.6,10512889623.0,33.3,50.40032342352665,60.3,355.33179295868257,75.4,51.1
067570,엔브이에이치코리아,제조,1.1983878757564983,34.1,408933387273.0,98.1,384.6373280850039,1.5,68.16921841722284,7.4,47.3
092040,아미코젠,제조,-9.71705458162018,20.3,13392562819.0,25.8,65.86626933271555,45.0,104.40350202405828,19.3,24.8
002800,신신제약,제조,11.95536444619425,71.9,33999386646.0,53.3,79.27761064017632,36.4,106.76349771725924,20.3,57.9
331380,포커스에이아이,제조,-11.004410807447872,19.1,10598880489.0,20.7,65.77718507201791,45.6,173.86474031847936,47.7,25.0
347000,센코,제조,11.168165746411988,69.9,12637590201.0,24.4,23.39378384352949,77.1,391.4645535282893,77.2,57.7
024830,세원물산,제조,-4.164767231601271,25.2,41587303916.0,59.3,28.23028814489841,73.3,380.1108416983301,76.2,45.3
153710,옵티팜,제조,-3.128739182414,26.3,6588058671.0,14.5,62.80459718183671,47.5,116.34120746727956,24.7,25.2
155660,DSR,금속,4.619347837670169,52.8,88213945284.0,26.4,60.05502810079878,64.2,154.38336533674828,56.6,46.6
010280,아이티센엔텍,IT 서비스,5.985746495854879,51.7,138834251413.0,83.4,175.9830014847554,6.0,111.0550206439773,15.9,52.9
085310,엔케이,금속,8.545932415079502,81.1,36792105838.0,3.8,31.71845479355823,84.9,249.7815558309653,79.2,58.2
457370,한켐,제조,6.215348871802841,53.8,6657890724.0,14.7,4.579324479231191,99.0,1356.921446099186,97.5,51.0
054620,APS,금융,-22.081764826864397,5.3,17883247358.0,13.2,67.81082851071204,56.6,86.02811883992106,21.1,15.1
006140,피제이전자,제조,3.4663516430601664,44.0,50657912838.0,66.0,41.71229552203615,59.7,161.638935704736,42.8,52.4
096350,대창솔루션,제조,-0.7194913097706377,30.0,18885891345.0,33.8,320.40908122564826,3.0,91.3311756886898,13.9,26.6
365660,레몬헬스케어,IT 서비스,-72.56675269009116,9.3,2930897425.0,9.3,47.42310131273435,49.7,356.9144093820375,70.2,19.0
096250,와이즈넛,IT 서비스,-2.2223758800277134,30.5,7433414909.0,19.9,16.740604187532128,85.4,587.2168126501056,82.8,38.1
001560,제일연마,비금속,9.583865800703787,88.9,21596273258.0,5.6,10.672581770032034,100.0,853.0086249924693,100.0,66.1
451220,아이엠티,제조,-1.7440072137845133,28.1,9347002794.0,18.6,181.98254959353315,11.3,117.51627790098796,25.4,23.0
137080,나래나노텍,제조,14.513131497560982,78.1,20684329433.0,36.9,15.484812409190834,87.3,484.19523699748527,82.4,67.2
009770,삼정펄프,종이·목재,-0.0349797066162261,23.1,29636958119.0,7.7,11.071251625182049,100.0,1427.1382328118464,100.0,33.9
043610,KT지니뮤직,오락·문화,2.452400668592432,35.3,77216249500.0,58.8,59.28686673270602,44.1,169.77227312209385,44.1,44.1
079980,휴비스,화학,1.3998614529598663,10.4,238728537023.0,51.0,223.05877602098477,6.2,93.54383077138932,17.7,22.7
196490,디에이테크놀로지,제조,-6.874862267643819,21.5,2086564900.0,4.3,-803.7967866263514,100.0,20.25826535138643,0.8,24.1
221800,지구홀딩스,일반서비스,-4.569682063730068,36.5,12015171282.0,35.7,29.26821237536921,78.6,284.21131573010405,68.3,43.9
225190,LK삼양,제조,-33.62539309588559,11.5,5781963659.0,12.5,44.46186253125373,58.4,429.2940343383757,79.6,22.9
036000,예림당,오락·문화,-10.969473588709578,8.8,2399656491.0,2.9,1.2201281881149713,100.0,6148.073218573465,100.0,25.3
066310,큐에스아이,제조,-0.1626247910945004,31.0,7703114584.0,16.1,6.929788003292149,97.2,820.9144178588328,92.4,39.4
179530,애드바이오텍,제조,-66.64682069088695,7.6,2904941568.0,6.0,103.81350208719276,26.4,108.51940832287067,21.8,10.5
331740,아우토크립트,IT 서비스,-10.61735374157188,24.5,7464506894.0,20.5,146.91371925857965,8.6,71.73520896494274,4.6,19.8
048430,유라테크,제조,2.042555494452845,37.4,54246367847.0,68.3,21.610087913884733,79.5,493.7901807623092,83.2,55.4
014950,삼익제약,제조,-1.4489260392142738,28.8,15702065312.0,28.8,19.170620318306653,82.5,483.0191515710463,82.2,39.5
038460,바이오스마트,제조,3.053621327819698,42.2,167623166480.0,91.4,74.94268640017468,39.0,143.71645011124795,37.5,56.2
002700,신일전자,유통,9.704443363396008,77.2,71885680268.0,46.5,92.97040984482314,49.5,153.08928964497085,59.4,63.2
110790,크리스에프앤씨,제조,12.114682149397156,72.3,89809446528.0,80.0,95.40788058150736,29.8,82.66026300753389,11.3,64.6
460940,피앤에스로보틱스,제조,-26.465609615802045,12.3,1728956724.0,3.4,5.403459948444335,98.5,2774.746614626373,99.6,27.0
049550,잉크테크,제조,10.211384009778072,67.0,23311582296.0,40.8,96.15032081789452,29.6,192.37016038208185,52.4,53.5
168330,내츄럴엔도텍,일반서비스,-3.151433303600065,37.3,6154196117.0,27.0,64.08629727791258,54.0,118.67563931274638,36.5,36.1
024740,한일단조,제조,11.56664528642451,71.3,43149338217.0,61.2,96.78450317599724,29.1,133.22568835806769,32.7,60.1
004440,삼일씨엔에스,비금속,3.1043847124153845,38.9,79595802515.0,22.2,71.9857677822657,72.2,115.64923863220524,50.0,38.8
104040,디에스엠,제조,-0.9349260384645918,29.5,16443690268.0,29.8,153.8037871800141,15.2,53.55621090540173,4.2,25.8
072950,빛샘전자,제조,8.805555708916636,62.5,41224605147.0,59.1,37.46980187114434,65.2,282.9902122958853,65.6,62.1
018500,동원모빌리티,운송장비·부품,7.443090963114744,64.0,193668847572.0,40.0,243.5756444769032,14.0,83.20010206297849,10.0,46.5
041460,한국전자인증,IT 서비스,15.420092506967617,76.2,10542335406.0,26.5,35.05544269226553,62.3,142.30811192068512,25.2,55.5
210980,SK디앤디,부동산,-50.9569842888413,4.8,84026049056.0,95.2,219.733305708912,23.8,108.9933183763069,81.0,40.3
303360,프로티아,제조,30.60719799585571,96.5,5347482851.0,11.5,5.998189416571946,97.6,1478.5109389946672,98.1,71.3
100030,인지소프트,IT 서비스,26.868578458206088,90.1,4523907526.0,13.9,18.895828068123556,80.8,1370.7834041421804,97.4,66.7
162300,신스틸,제조,0.7324210647812986,32.6,100940929139.0,82.6,183.82854636396945,10.8,120.0185187277118,26.2,44.5
007280,한국특강,금속,0.1855119855221608,17.0,255229971081.0,60.4,165.18532844230174,15.1,128.5665159499032,35.8,31.3
026150,특수건설,건설,3.588942207239923,43.5,55414601132.0,19.6,133.53636259644273,41.3,99.90799136726116,21.7,34.3
222110,팬젠,제조,-5.554485154190507,23.0,3955577500.0,7.4,8.222355259205397,96.1,954.9606750586792,94.8,32.8
417970,모델솔루션,제조,8.913030899471691,62.8,20042763423.0,36.0,17.463165775588088,84.3,529.2754735169914,85.5,59.2
270520,앱튼,일반서비스,-39.352135972477306,27.8,3368075842.0,21.4,92.33426282853678,39.7,52.8671272395305,11.9,26.0
017370,우신시스템,기계·장비,-4.410260970480206,18.5,80388249941.0,44.4,142.00125308629447,37.0,95.37123180864856,11.1,27.9
412350,레이저쎌,제조,-50.966942472581366,9.1,2061285502.0,4.2,101.68680982824613,27.2,106.47993954553156,20.2,10.7
396270,넥스트칩,제조,-4.467150320874067,24.6,13207734856.0,25.3,169.20923522611747,13.5,124.31233969341598,27.6,23.7
109860,동일금속,제조,7.794328014009398,59.2,30302254816.0,50.4,19.09722623149753,82.6,241.9193291641644,61.3,59.5
081150,티플랙스,제조,3.0156152753126864,41.9,71478912965.0,74.3,68.65415604717694,42.8,173.28414026240338,47.4,52.2
123420,위메이드플레이,IT 서비스,8.062032473705859,62.9,32191942199.0,53.6,17.693836863716164,84.1,544.8962037358623,80.8,64.1
241690,유니테크노,제조,8.236712693312754,60.7,34212536517.0,53.7,79.40510051612974,36.3,70.65128886437276,8.4,51.5
049080,기가레인,제조,-17.36113109424833,16.0,13683829038.0,25.9,152.79064957894525,15.5,116.59121979558064,24.9,19.6
004780,대륙제관,제조,2.9955570449011404,41.8,78189998384.0,76.8,40.37235474365652,60.7,339.72648680495274,71.5,56.9
014970,삼륭물산,제조,7.598616757193636,58.8,29764159850.0,50.0,80.33954459617999,35.4,124.36441627070164,27.7,50.9
061040,알에프텍,제조,-4.252120707214989,24.9,53866482932.0,68.0,63.87899093224046,46.9,156.95665741230627,41.4,41.8
483350,딜리셔스,유통,26.229281643745377,96.0,9750985371.0,10.9,55.88701699972079,60.4,476.6230900258763,91.1,65.8
175140,아고스,제조,-26.45227039988397,12.5,9617273461.0,19.1,47.13074513649504,56.4,177.06819615384472,49.0,22.7
208370,셀바스헬스케어,제조,4.541201210546091,47.9,8202288926.0,17.0,12.422240103669184,90.9,745.458349707967,90.8,47.2
064240,홈캐스트,유통,-231.73521271561964,2.0,867496098.0,2.0,8.327460505425094,95.0,820.133154249341,96.0,20.7
010040,한국내화,비금속,1.7528722588697545,27.8,104105844323.0,33.3,55.32921559391946,88.9,160.20369379143207,72.2,40.3
032850,비트컴퓨터,IT 서비스,18.578312229868992,81.5,9785532838.0,25.2,12.299484951739943,93.4,397.37658736239626,73.5,65.4
111710,남화산업,오락·문화,19.90461297282701,91.2,5493246362.0,8.8,7.960858302474934,94.1,1808.0284869524091,97.1,67.3
411080,샌즈랩,IT 서비스,-55.99997510741995,12.6,1547288386.0,4.0,7.443833691950038,98.0,933.3281141572533,91.4,26.6
039010,현대에이치티,제조,0.5512726067859751,32.0,36435347871.0,55.2,45.25007043605337,57.4,197.6386298431441,54.2,43.8
214330,금호에이치티,운송장비·부품,2.701267005143332,30.0,93991816550.0,24.0,37.06188997838597,80.0,231.890513738484,74.0,37.7
083790,CG인바이츠,일반서비스,-127.28829317846704,20.6,4613582538.0,25.4,108.92534383892804,32.5,34.160906632671384,3.2,22.1
439580,블루엠텍,유통,0.3307825561170956,26.7,54967444213.0,41.6,131.13531122375954,36.6,73.06910080364342,17.8,31.6
424960,스마트레이더시스템,제조,-92.51161415883202,5.5,1943612777.0,3.7,104.4190446481312,26.1,463.78502307946974,81.2,13.5
016090,대현,섬유·의류,3.3902297448318657,38.1,54081777549.0,38.1,12.839920482125809,85.7,436.2476720516181,81.0,47.2
032540,TJ미디어,제조,3.916222830832064,45.6,19623004696.0,34.6,66.85460990880885,44.1,134.1899299043103,33.6,41.2
065170,비엘팜텍,유통,-67.74200578264592,3.0,713406641.0,1.0,104.4573877461038,46.5,94.90280965553576,26.7,9.5
382480,지아이텍,제조,-5.526032851504752,23.3,9586475456.0,19.0,32.39564447103604,69.9,204.48725548639408,55.5,30.2
122350,삼기,제조,0.65741029277315,32.1,175953991855.0,91.8,348.2027144440904,2.1,60.75902433845077,5.9,44.3
068290,삼성출판사,오락·문화,-2.126123539710276,17.6,10047937244.0,11.8,17.777003947792164,79.4,538.1531529738032,85.3,28.7
100220,비상교육,오락·문화,-1.6368016698976318,23.5,52569631057.0,52.9,78.5817810352269,29.4,93.54361575543405,20.6,32.8
005870,휴니드,전기전자,-1.463522939956897,21.9,29260083618.0,15.6,114.72035372988958,40.6,214.3507981440218,68.8,26.0
216050,인크로스,일반서비스,24.12328379241549,91.3,11711757107.0,34.9,102.53606818210032,36.5,188.61255951320064,57.1,65.1
009200,무림페이퍼,종이·목재,8.300786999839353,84.6,337689478715.0,92.3,333.35929441318814,7.7,80.67787429324227,30.8,73.4
039420,케이엘넷,통신,23.90651471995896,81.8,10652464041.0,27.3,10.87402775602072,72.7,838.6526908576849,81.8,64.4
456070,이엔셀,제조,-539.0189536283135,1.4,868006839.0,1.6,97.72673584845889,28.6,705.9547105991752,90.2,11.8
136150,원일티엔아이,제조,5.454311452734188,51.3,9951562442.0,19.5,53.56695777618712,52.3,177.73058502458252,49.2,41.7
010240,흥국,제조,10.6971907042817,68.3,42690449467.0,60.5,17.03012829900789,84.8,509.16122425754287,84.4,69.2
005670,푸드웰,제조,9.433514121744247,64.0,94180663169.0,81.0,109.59508199556764,24.6,110.48952769392407,22.8,61.1
010660,화천기계,기계·장비,1.5909562118562592,29.6,56893945305.0,29.6,33.11682778375243,85.2,167.09914911343677,59.3,38.6
420570,제이투케이바이오,제조,17.25803265974817,83.5,15604505317.0,28.7,18.724251392398816,82.9,411.3940703659087,78.8,66.6
043650,국순당,제조,-9.701125876258036,20.4,14701920377.0,27.5,7.591963354817493,97.1,1345.8403930411785,97.2,37.9
147760,피엠티,제조,6.799006248941401,56.3,18475175489.0,33.0,109.1224633463132,24.9,133.1725109060764,32.6,43.6
448710,코츠테크놀로지,제조,11.954287557097992,71.8,20747729935.0,37.3,120.4862008377358,21.9,302.6298131758579,68.0,55.2
001840,이화공영,건설,-10.885914258806668,8.7,10369245487.0,8.7,201.41908901160545,30.4,103.90647703998582,26.1,12.7
187420,HLB제넥스,제조,8.462433534386529,61.6,11333291542.0,21.9,101.273959759298,27.5,108.21538872558354,21.7,42.4
059270,해성에어로보틱스,제조,-22.19806819410526,14.1,3315335675.0,6.4,50.63022644406557,54.3,164.2200425331108,43.7,19.0
294090,이오플로우,제조,-1913.8688151247795,0.3,124204547.0,0.4,-165.5507945956212,99.6,7.604918148107743,0.3,12.2
000220,유유제약,제약,10.90677077825966,72.3,36697112366.0,21.3,42.20996025999923,70.2,189.2333726822324,70.2,56.6
071090,하이스틸,금속,3.9778158309849783,41.5,81277076224.0,22.6,99.39834759152208,41.5,109.2000872122985,24.5,34.5
318160,셀바이오휴먼텍,제조,18.020987129293605,84.5,19363460353.0,34.3,44.70588043300657,57.9,286.64182592061024,65.9,64.8
082210,옵트론텍,제조,4.35528822103572,47.2,60742904803.0,71.4,339.20527769231524,2.3,48.48553238007639,3.4,45.6
443250,레뷰코퍼레이션,일반서비스,13.473112223842406,80.2,14793163301.0,37.3,40.92578786717782,65.9,261.65109070452826,64.3,64.3
054300,팬스타엔터프라이즈,제조,1.5419968716303727,35.4,19881636574.0,35.9,66.46029249332504,44.3,113.63899660643722,24.1,35.7
002760,보락,화학,5.469494216371056,30.2,12491253450.0,4.2,17.644548481182458,93.8,433.99874251401184,91.7,35.0
155650,와이엠씨,제조,5.220617120281754,50.3,53408493570.0,67.5,53.67146364407808,51.9,154.21840525927632,40.4,54.9
049470,비트플래닛,IT 서비스,-9.649018793617085,25.8,7946015625.0,21.9,26.415619469250142,72.8,377.0170113829656,72.2,34.0
0004V0,엔비알모션,제조,-6.542908355100868,21.7,17247920615.0,31.0,133.16883419339948,18.9,83.38719702026835,11.6,23.3
039020,이건홀딩스,제조,9.133585467882543,63.5,126605330236.0,86.6,106.77244881621944,25.2,75.96449125889542,9.8,61.5
203400,에이비온,일반서비스,-3155.395224662502,2.4,136978800.0,1.6,22.54709141529206,85.7,283.26751413629364,67.5,17.4
060310,3S,제조,0.1018035008577395,31.4,5574850523.0,12.1,25.157411616354164,75.6,201.95741354960387,55.0,32.8
006890,태경케미컬,화학,-14.900972476283355,3.1,12165420075.0,2.1,29.149038423360057,86.5,580.7528993837174,94.8,20.1
044340,위닉스,제조,-28.678835160555057,11.8,137862097319.0,88.7,654.4544800000878,0.8,66.0526779311547,6.8,33.1
072130,유엔젤,IT 서비스,8.120960614430931,63.6,15194857968.0,35.1,22.8303176498041,76.2,252.8975264891935,55.6,55.9
008370,원풍,제조,10.04288330678668,66.1,23484413061.0,41.4,15.287706774784022,87.7,714.5144029415533,90.4,63.2
016250,SGC E&C,건설,5.128928975506721,54.3,278670666883.0,67.4,321.15400417836725,13.0,80.73665274842683,13.0,50.0
323350,다원넥스뷰,제조,21.11203008423565,88.9,8017423437.0,16.8,91.12238852353305,32.1,177.4084261606912,49.1,57.3
396690,미래에셋글로벌리츠,부동산,46.86520306963571,19.0,5941041386.0,19.0,168.21445678767307,57.1,8.404158049625671,9.5,22.8
009190,대양금속,금속,3.657845842428947,37.7,52910960067.0,9.4,57.90960751428076,66.0,265.5191308091177,81.1,36.1
357580,아모센스,제조,-5.220119062571765,23.7,27178504647.0,47.2,199.9497182739437,8.9,134.07130619536537,33.4,29.8
014990,인디에프,섬유·의류,8.069261511344445,76.2,28297082376.0,14.3,184.24912995297063,28.6,72.80082476364791,4.8,46.2
214270,FSN,IT 서비스,15.610276991406211,77.5,76707658734.0,72.2,234.0700179884257,4.0,105.77520331676608,13.9,62.0
060570,드림어스컴퍼니,오락·문화,2.0807806371348248,32.4,42753311047.0,50.0,46.85420480938587,52.9,160.6855779638284,38.2,40.6
053620,태양,제조,8.235598498549795,60.6,44167720338.0,61.7,16.715076831350167,85.3,497.9304304680838,83.6,65.7
191420,테고사이언스,제조,-58.49667135379878,8.1,1970339172.0,3.9,75.1937210084961,38.9,164.09221169254414,43.6,13.4
370090,퓨런티어,제조,-5.726772405413169,22.5,8628302524.0,17.6,11.108523410597154,91.8,911.0827568543816,94.1,35.1
089850,유비벨록스,IT 서비스,-1.1703852961881511,31.1,172576458332.0,86.8,111.40480577675962,19.2,130.85045252001413,20.5,45.5
228340,동양파일,제조,11.33820478497991,70.5,20675965600.0,36.8,6.183576906469871,97.5,472.07128970848953,81.6,64.5
033320,제이씨현시스템,유통,0.6560867547386406,27.7,75982095264.0,49.5,28.479256581077472,80.2,351.67646469293163,84.2,45.1
241790,티이엠씨씨엔에스,제조,0.1729709584477087,31.6,55925938590.0,69.0,70.01546279024949,41.7,158.85820325662823,42.3,44.9
067920,이글루,IT 서비스,0.0620319096861349,33.8,45896625050.0,62.3,31.82840334992995,65.6,268.7302815392,58.3,48.1
100590,머큐리,제조,4.402864746879922,47.5,30144492627.0,50.3,38.81581622494389,63.9,256.7214135710753,62.8,51.5
215360,우리산업,제조,3.7330544778824337,44.5,127149336639.0,87.0,197.4928283399344,9.3,125.12779388381236,28.2,51.7
003310,대주산업,제조,10.123482953444828,66.5,25268745952.0,44.5,29.27901085595101,72.9,278.5969580560858,65.4,60.6
419080,엔젯,제조,2.6230425965001185,40.2,4073587983.0,7.7,52.3342373124361,53.4,1091.3071210961498,96.0,36.5
039610,화성밸브,제조,2.966577262185355,41.6,25583394327.0,45.1,35.50599617867135,67.1,331.05784590543425,70.4,48.0
049480,오픈베이스,IT 서비스,5.202518982921099,49.7,60740382445.0,67.5,83.70598406672742,30.5,164.27269145315734,33.1,51.4
460870,에스엠씨지,제조,9.580919830225092,64.5,17323112315.0,31.1,77.90215689233474,37.3,142.84932607248473,37.2,49.0
053160,프리엠스,제조,-4.18702595132044,25.1,5539357403.0,12.0,15.922524802613502,86.6,734.73333935786,90.7,33.8
408470,한패스,금융,-22.275923179480177,3.9,14416381333.0,7.9,146.61680679676252,19.7,150.92698740535195,55.3,11.1
352910,오비고,IT 서비스,-10.423142445730129,25.2,10995324097.0,27.2,78.63181461400983,33.1,167.7030224127759,33.8,27.4
263600,덕우전자,제조,-1.297271344344596,29.1,42813267357.0,61.0,100.78754368775516,27.7,88.04195689137156,12.5,37.2
095270,웨이브일렉트로,제조,9.219351295938123,63.6,22024362201.0,39.3,102.5230472549691,27.0,197.24699090342463,54.0,51.2
321370,센서뷰,제조,-86.98237971672094,5.9,2526704043.0,5.4,200.1376712698868,8.8,38.6241731028369,2.3,5.8
111110,호전실업,섬유·의류,3.9232783696830302,42.9,110981607414.0,52.4,177.09839066436882,33.3,120.56434193523398,28.6,43.5
045340,토탈소프트,IT 서비스,43.53003065938442,98.0,9595516529.0,24.5,39.19772053269412,57.0,510.7343155404685,80.1,69.6
092440,기신정기,기계·장비,-3.2534296218766507,22.2,26719178468.0,22.2,5.8780688397847625,100.0,865.908501695719,96.3,37.5
037440,희림,일반서비스,3.9618259872675634,50.8,56744520184.0,63.5,137.37012722076122,20.6,123.37114378101576,38.9,50.0
333620,엔시스,제조,11.428286123109958,70.9,25496462502.0,45.0,81.80986159812166,34.8,151.2809364625299,39.4,56.3
126880,제이엔케이글로벌,제조,-0.3118137436743642,30.7,71445167033.0,74.2,64.04166349935771,46.5,126.72323469813378,28.8,45.5
099520,DGI,제조,11.01017070420691,69.5,9041478754.0,18.4,19.61741909092086,81.7,496.3160287412052,83.5,56.8
273640,와이엠텍,제조,10.447152407354071,67.9,17652206899.0,31.5,74.27943548482897,39.7,147.7392606061051,38.4,51.2
263690,디알젬,제조,11.698414542673492,71.5,29886762392.0,50.1,34.23090776295797,68.3,332.4448496339947,70.5,64.6
348150,고바이오랩,일반서비스,-9.233281796864093,32.5,21810201912.0,45.2,102.62841440553692,35.7,338.5015460212368,74.6,40.1
024910,경창산업,제조,4.505940490004457,47.7,186526380933.0,92.9,286.61815490701804,3.8,71.06157445658906,8.6,52.9
033310,엠투엔,제조,2.885294065282314,41.3,22849230168.0,40.3,25.07251658971577,75.7,168.50150656866307,45.3,45.4
378850,화승알앤에이,운송장비·부품,5.249387724005644,56.0,201186387161.0,46.0,178.25501501020176,34.0,91.10930530172676,26.0,48.0
024950,삼천리자전거,유통,6.575790635236933,62.4,49883042815.0,37.6,60.37636392116303,57.4,170.9891079582575,64.4,54.5
001550,조비,화학,8.281345471511871,54.2,46413477245.0,11.5,142.49213329413027,19.8,129.13703168005785,43.8,36.4
004450,삼화왕관,금속,2.226222678337103,28.3,48382225259.0,5.7,81.17845957678324,50.9,137.34963144214717,45.3,25.6
179900,유티아이,제조,-289.17543872354383,2.3,5494477123.0,11.8,194.62762868511751,9.7,28.61785697212117,1.5,6.0
000950,전방,섬유·의류,-2.041107318643031,14.3,6906421858.0,4.8,3.5460211303233256,100.0,10192.048322670547,100.0,28.6
010470,오리콤,일반서비스,5.305098113762655,57.9,57274295552.0,64.3,82.63612720227933,44.4,172.39343189182964,50.0,57.6
050960,수산아이앤티,IT 서비스,8.367312884133701,64.2,7721222583.0,21.2,7.370091702560841,98.7,739.1214209263372,88.1,57.4
033230,인성정보,IT 서비스,0.8694122375873544,35.1,99991272197.0,76.8,158.86897495832977,7.9,147.44992229188895,26.5,43.7
129260,인터지스,운송·창고,3.541066176057725,60.0,224365533147.0,36.0,77.96569865829088,72.0,116.72891604349142,68.0,54.9
007370,진양제약,제조,12.912187244191752,74.4,32646047190.0,52.3,69.22811290910063,42.3,51.990595263888686,3.9,58.3
065530,와이어블,통신,7.555448680257413,36.4,16387468255.0,45.5,85.47914583155311,54.5,93.78264662301456,18.2,39.8
459100,위츠,제조,-2.9082236279330305,26.4,42713103871.0,60.7,306.5902225345092,3.4,69.86312228949615,8.2,32.5
036120,서울평가정보,IT 서비스,42.68024636389755,97.4,17328470780.0,39.1,20.33484213689256,77.5,456.3511286964453,77.5,75.9
062970,한국첨단소재,제조,-50.17044809190975,9.2,1187772170.0,2.1,68.09129478353628,43.3,109.84018683236268,22.5,12.2
251630,브이원텍,제조,-18.32504229539772,15.5,13037445674.0,25.1,52.18673505111931,53.5,131.72650951484167,31.6,24.2
075180,새론오토모티브,운송장비·부품,-1.701069720680014,10.0,37578822445.0,10.0,12.655718384244484,94.0,669.852976636606,92.0,26.6
294140,레몬,제조,-14.221197463830125,17.4,6005991529.0,12.7,277.2411428267113,4.3,64.22470162203791,6.4,13.5
070300,퀀텀레일,IT 서비스,-66.46370818435496,11.9,2329588600.0,6.6,51.77043572301627,47.0,150.7075198243093,27.8,15.8
043710,코스리거글로벌,유통,-1.4159472439564031,22.8,42378316181.0,34.7,745.6374598742048,3.0,44.58033942249164,5.9,22.6
053270,구영테크,제조,6.491877763511604,54.7,141300022985.0,89.0,325.0989289098749,2.9,80.94617057260159,11.1,55.3
027050,코리아나,제조,-5.586634966264848,22.9,18933611528.0,33.9,19.51190972116117,82.0,310.0346467702378,68.9,37.0
036090,위지트,제조,6.810654807977279,56.4,114696622164.0,85.1,70.93914965608836,41.1,89.49031687186796,13.1,59.7
012690,모나리자,종이·목재,3.234851586093689,61.5,34526229296.0,15.4,19.4748518602576,92.3,284.919056933047,92.3,53.8
459550,알트,제조,-5.404205753625794,23.6,8291059083.0,17.5,33.02637082998702,69.0,390.7631159565699,76.8,31.5
226340,본느,제조,-22.577841927295857,14.0,9268495367.0,18.5,65.03858729068888,45.8,135.1086572540247,34.1,20.8
101140,인바이오젠,유통,-61.23270166129984,4.0,1509728070.0,4.0,3.7996868314424974,98.0,137.27560697415743,50.5,19.0
054930,유신,일반서비스,6.063674457530905,61.1,111986494436.0,73.8,121.3558374206914,26.2,111.49808710493816,35.7,58.7
094940,푸른로보틱스,제조,-1.003201898614897,29.3,6013335310.0,12.8,31.66771013020101,70.7,239.1892675533276,61.1,31.9
024900,디와이덕양,운송장비·부품,-1.9089751704256537,8.0,414823220945.0,60.0,425.1726421953629,4.0,83.29770201820028,12.0,23.4
117670,알파칩스,제조,-5.513258158704431,23.4,20999360862.0,38.0,69.57694320576799,42.1,193.7412669624387,52.6,32.4
340930,성원에너텍,제조,-1628.2675039520352,0.4,488624168.0,0.8,201.06399076763196,8.6,58.00480508063264,5.3,1.9
020760,일진디스플,전기전자,-6.33045578260158,15.6,10679988712.0,10.9,86.90271218017244,50.0,97.03264992411184,17.2,18.4
025550,한국선재,제조,12.863665744380306,73.9,71721118508.0,74.4,104.021081110849,26.3,117.10724518547192,25.2,64.4
262260,에이프로,제조,-35.02159993290121,10.8,16051341066.0,29.3,381.4242803441792,1.8,56.65820067478858,4.7,14.8
036670,삼양케이씨아이,제조,10.753592531032275,68.6,35512546128.0,54.4,16.923767453147878,84.9,510.5142951413465,84.6,67.6
435570,에르코스,제조,-4.655358098434847,24.4,10269496393.0,20.0,102.50491095260745,27.1,78.70950358899968,10.3,22.3
452400,이닉스,제조,0.3344315986103549,31.9,29360530048.0,49.6,15.892571391283983,86.8,409.81030406615895,78.7,47.5
347740,피엔케이피부임상연구센타,일반서비스,22.891212454595703,90.5,6594624020.0,29.4,7.527614979137573,95.2,774.6747336279748,87.3,72.5
217480,에스디생명공학,제조,-22.072382609894586,14.2,6295966043.0,14.0,15.941573111488877,86.5,855.3481700421845,92.9,29.1
291650,츌립앤사이언스,일반서비스,-128.88763857676742,19.0,2392023163.0,20.6,62.22946737053788,56.3,127.39958754219028,40.5,25.7
040610,SG&G,제조,11.26200899151432,70.4,12824607280.0,24.8,17.17265827133437,84.5,39.07555284625977,2.4,53.0
453860,에이에스텍,제조,-114.9705450724564,4.7,4256179711.0,8.3,70.17855706551437,41.6,58.50848056118962,5.4,10.3
238090,앤디포스,제조,-13.885522320773116,17.5,10690864929.0,20.9,40.13773491421288,61.3,138.50386491414827,35.3,25.2
105760,포스뱅크,제조,17.2616683376337,83.6,36611393513.0,55.7,35.998623000712335,66.4,295.828989180726,67.3,71.9
288180,케이피항공산업,제조,-4.07754521627182,25.3,14324928260.0,26.8,189.8436594668114,10.5,152.38396835778175,39.8,25.1
314140,알피바이오,제조,10.287050029898072,67.5,39770421881.0,57.7,46.04331256707733,57.2,141.59915806540886,36.6,60.9
025530,SJM홀딩스,유통,9.15848425181248,74.3,53592693027.0,39.6,21.5360407088734,88.1,517.630130107569,93.1,67.0
090080,평화산업,운송장비·부품,4.795418713164649,48.0,172187312681.0,32.0,242.8022577097118,18.0,103.37761422894113,30.0,38.2
046940,우원개발,건설,5.9885620233492105,58.7,67376910054.0,21.7,59.26456430168928,71.7,178.4389839176653,63.0,49.5
021050,서원,금속,4.70595826149635,58.5,586857574704.0,77.4,224.79713722130583,7.5,121.42042677049088,28.3,55.6
104620,노랑풍선,일반서비스,4.00544353208669,51.6,19299277441.0,41.3,152.6522064576012,18.3,94.9465290611926,27.8,42.6
170790,파이오링크,제조,-0.833297316491465,29.7,15846660536.0,29.1,16.4251718611948,85.5,627.9060696395924,88.7,40.9
007460,에이프로젠,제약,-63.17837941235086,4.3,35526127026.0,12.8,62.81423312921917,53.2,83.46526605509055,12.8,13.4
042110,에스씨디,제조,0.1849125772844647,31.7,47910333251.0,64.0,26.67594522219696,74.6,395.4022774006253,77.5,50.2
104540,코렌텍,제조,5.640207546721966,51.9,25794979315.0,45.3,75.46977797148209,38.5,172.3592917524958,46.9,47.9
011390,부산산업,비금속,5.493273697446278,55.6,24756360522.0,11.1,97.5588814604075,33.3,42.54871281562567,5.6,35.6
088910,동우팜투테이블,제조,1.0496976306848231,33.5,91204830040.0,80.5,15.06079791219598,88.0,353.40463461397326,73.9,57.4
002140,고려산업,음식료·담배,5.029437952303983,61.8,79477910890.0,11.8,145.83223123958524,41.2,92.325898810762,47.1,43.2
311690,CJ 바이오사이언스,일반서비스,-712.499444971492,8.7,898152064.0,10.3,44.6596575708725,65.1,288.2030287523548,69.8,20.8
004830,덕성,화학,2.464392312724653,14.6,32843263056.0,9.4,55.062477279910006,64.6,188.58144025090849,64.6,23.0
002410,범양건영,건설,-45.97566428929283,2.2,1003503793.0,2.2,-246.53443279692144,100.0,36.44145015829592,2.2,13.9
340810,시선AI,IT 서비스,-111.65235065040096,7.3,2501569990.0,7.3,111.7852187194246,18.5,83.7961642567937,7.3,8.6
010770,평화홀딩스,운송장비·부품,4.891811607033696,52.0,237248820934.0,54.0,222.08576004154315,22.0,86.50509867774701,16.0,46.1
123700,SJM,운송장비·부품,8.928823265670326,78.0,52531286469.0,14.0,21.65222367326067,88.0,547.4457681760535,88.0,60.8
006880,신송홀딩스,유통,3.2828013439200965,50.5,46178626063.0,35.6,131.8813670716849,35.6,44.797808960604776,6.9,40.8
260930,씨티케이,제조,1.6198765895912617,35.6,28962952611.0,48.9,91.23650089474204,32.0,139.85565376926706,35.9,39.2
092300,현우산업,제조,5.718967040652351,52.1,75401954992.0,75.8,74.40703092752752,39.5,137.4566766907064,34.9,56.3
039240,경남스틸,제조,2.285573299715079,38.4,98311297926.0,82.0,48.79109428367345,55.4,225.5558512849805,58.4,55.1
056360,코위버,제조,-10.637660053093684,19.5,11970936368.0,23.4,17.898978263087784,83.5,573.7093488873861,86.5,33.7
299170,더블유에스아이,유통,7.945362124931374,69.3,12925235601.0,15.8,40.04124218847522,68.3,274.15084536517395,75.2,53.6
015710,코콤,제조,-2.7329095909154595,26.7,19700017073.0,35.1,15.743699218076951,87.0,478.8411163048576,82.0,40.9
023810,인팩,운송장비·부품,4.448205889807526,44.0,192102095287.0,38.0,333.5595998836566,6.0,70.30487930793403,2.0,34.3
046210,HLB파나진,제조,-4.2621218140970125,24.8,3708157718.0,6.9,10.988849093645332,92.1,493.7338859007797,83.1,32.2
003780,진양산업,화학,6.89194791327555,37.5,23684269361.0,6.2,67.56779614506712,60.4,123.94745719380244,36.5,30.8
256630,포인트엔지니어링,제조,12.03990891181506,72.0,10383315033.0,20.2,38.65866383030415,64.1,346.00394843684177,72.7,55.6
071670,에이테크솔루션,제조,-0.4499688985738689,30.4,72995045000.0,75.1,266.6142675922854,4.4,97.07426023729856,16.5,39.6
315640,딥노이드,IT 서비스,-251.4623872503289,2.6,1311026884.0,3.3,52.46567427402139,46.4,1126.058639436163,95.4,15.5
376290,씨유테크,제조,3.231752167102088,43.2,47984708165.0,64.1,26.27504452733688,74.8,498.2554437244112,83.8,56.5
393970,대진첨단소재,제조,-2.0756558551867634,27.8,27002246620.0,46.9,151.55651341290834,16.0,79.7799744534066,11.0,30.8
391710,코닉오토메이션,제조,-31.63664502378298,11.7,4930041434.0,9.9,112.98848599420128,23.8,163.02649892112169,43.2,15.1
217500,러셀,제조,1.4400175103015034,34.9,11212161022.0,21.7,38.83961855510479,63.7,324.35869380330075,70.2,37.2
317690,퀀타매트릭스,제조,-652.7431134892292,0.9,646154983.0,1.3,34.653044352551326,67.9,390.8885729359454,77.0,15.1
089790,제이티,제조,16.86023166961552,82.7,13867728717.0,26.1,38.89099117862012,63.6,271.02696775209,64.4,62.0
027830,대성창투,금융,65.55963829481044,94.7,4566446951.0,3.9,1.1090205477907038,100.0,4086.641097967515,100.0,68.5
219550,디와이디,유통,1.548138142577454,33.7,13902183667.0,16.8,116.16569124029137,42.6,130.06707138005456,46.5,30.7
122310,제노레이,제조,0.9356688215045368,33.0,26616207709.0,46.3,70.68466062049453,41.3,188.01630142445515,51.6,39.5
317530,에피소드컴퍼니,오락·문화,-15.95663242749442,5.9,19429399418.0,26.5,135.9963578256248,14.7,81.47152113906033,11.8,13.6
060560,HC홈센타,유통,-2.297416736565501,17.8,85144401443.0,51.5,149.13300839955932,24.8,69.22652083494782,15.8,28.6
463480,모티브링크,제조,-5.535564916165458,23.2,20222748752.0,36.4,93.39047534108704,31.1,136.2838892011215,34.4,29.0
002630,오리엔트바이오,제약,0.7595274289192386,36.2,6591323775.0,4.3,15.429673732322224,89.4,1409.323858586696,95.7,37.8
038010,제일테크노스,제조,6.573665509912682,54.9,40615613739.0,58.6,29.88112043122216,71.8,296.6818309318633,67.4,59.0
027740,마니커,음식료·담배,-0.0150131811419183,5.9,106724696442.0,23.5,358.67334516571253,5.9,67.689757789411,11.8,11.7
004410,서울식품,음식료·담배,1.3305838301904402,20.6,16843347177.0,2.9,176.71335524085222,23.5,64.09597700934295,8.8,14.7
011230,삼화전자,전기전자,-19.21216960757524,9.4,7598171710.0,7.8,272.43082151788,4.7,32.00547089868622,1.6,7.7
340360,다보링크,제조,-5.596101554662597,22.8,16651631710.0,30.2,240.90825720112363,5.4,92.0308793241347,14.2,22.2
317830,에스피시스템스,제조,-1.5458143157450306,28.5,11881895007.0,23.0,42.6878286680301,59.1,263.53590995398844,63.6,33.3
0013V0,삼진식품,제조,-2.437542430547844,27.2,21495262172.0,38.4,78.86299810295414,36.9,179.20142130193318,49.6,33.5
019990,에너토크,제조,4.793113736865976,48.6,7376986765.0,15.5,19.62981372966619,81.6,311.4166791560155,69.1,44.3
037950,엘컴텍,제조,8.735011603332486,62.2,20689688956.0,37.0,20.8905108201402,80.6,291.8285649348162,66.8,57.2
006980,우성,음식료·담배,0.20370199873462,11.8,163998314241.0,35.3,143.32208423492227,44.1,124.58685396199786,64.7,27.0
011000,진원생명과학,제약,-623.0187125578462,2.1,2056175287.0,2.1,248.62676305289355,2.1,38.254045779609406,2.1,2.1
053980,오상자이엘,IT 서비스,7.035753159586138,55.0,29392499269.0,52.3,43.80078464121415,52.3,200.3200884371128,44.4,53.0
068330,일신바이오,제조,36.55715044460285,98.1,4172519998.0,7.9,10.018656649421958,93.1,926.5004862839136,94.5,70.2
041650,상신브레이크,운송장비·부품,0.612443084182781,16.0,149908860874.0,28.0,152.03565411665895,46.0,121.07586115058422,44.0,25.4
004920,씨아이테크,전기전자,-33.34622319655964,6.2,5095101904.0,6.2,38.2181931980089,78.1,299.7347555571014,81.2,20.8
163280,에어레인,제조,10.81486815523404,69.0,7631355539.0,15.9,44.55627312321606,58.3,452.4202757163657,80.4,52.7
063440,SM Life Design,제조,15.935905229323891,80.5,14340583394.0,27.0,8.068159460679235,96.2,569.342621549858,86.3,66.8
001620,케이비아이동국실업,운송장비·부품,0.0125186060761272,12.0,215781763846.0,52.0,224.11982337491517,20.0,87.61065535663839,18.0,25.4
199550,레이저옵텍,제조,-11.274967778673972,19.0,8787517769.0,17.8,54.15676607553317,51.6,264.3023215364124,63.7,26.1
080720,한국유니온제약,제조,-21.070447819928997,14.5,5944304301.0,12.6,130.41538192099287,19.4,126.42643810847687,28.7,15.7
009320,아진전자부품,운송장비·부품,1.6192262778767674,20.0,38585330138.0,12.0,243.3535593165908,16.0,76.84809569293436,6.0,16.0
059100,아이컴포넌트,제조,30.34691292054964,96.1,11864510418.0,22.9,31.27225358810203,70.9,339.7789409198315,71.7,69.2
418250,시큐레터,IT 서비스,-38.58047101975541,17.2,1601804959.0,4.6,125.19286383357712,13.2,85.51976404057717,8.6,12.3
109080,옵티시스,제조,19.131917409671143,85.9,6578669822.0,14.4,10.556370027196742,92.2,621.3074295766302,88.5,65.4
357250,미래에셋맵스리츠,부동산,70.53774429191536,61.9,3629648923.0,9.5,221.01728750020013,19.0,295.95853408995697,95.2,43.7
286750,나노실리칸첨단소재,제조,-45.16815059453185,9.8,2305337463.0,4.8,93.04959708377606,31.4,103.12577800035191,18.6,11.6
094970,제이엠티,제조,5.429739841448549,51.0,60655322118.0,71.3,41.17244460319919,60.1,255.67888165044815,62.7,59.1
198080,캐프,제조,7.427014830712995,58.2,65267257431.0,72.5,69.08567412580877,42.4,187.4337055754168,51.5,60.1
145170,노브랜드,제조,1.9434961875560977,36.6,173383039060.0,91.6,210.4101355519213,7.6,134.46459269232452,33.8,49.4
317850,대모,제조,8.40146038955176,61.3,11589523343.0,22.5,36.519479773264536,65.9,184.23739310576585,50.8,49.4
050120,ES큐브,유통,-2.6515286099321758,14.9,4796086134.0,7.9,16.947796716713373,90.1,183.17880136900231,67.3,26.0
189980,흥국에프엔비,제조,5.474202468585896,51.4,26091640037.0,45.8,137.75949170789707,17.9,66.74776296955442,7.1,42.2
023440,제이스코홀딩스,제조,-6.519387690745339,21.8,11468209155.0,22.3,109.43931020414166,24.7,22.63233378241043,0.9,20.6
131400,이브이첨단소재,제조,7.424279734191851,58.1,20339675727.0,36.6,34.49899278074159,68.1,196.36724433495115,53.8,52.5
000910,유니온,비금속,2.226304904034171,33.3,53998093829.0,16.7,135.04419408709302,5.6,72.16305791383058,11.1,23.2
317870,엔바이오니아,제조,-16.997910655012568,16.2,4613617214.0,9.4,105.89828928604118,25.4,70.64773632504736,8.3,14.6
261520,이지스,IT 서비스,-43.37326987047871,16.6,5586409070.0,15.9,31.694738284819167,66.2,220.5989105831621,47.7,24.8
053450,세코닉스,제조,-33.70334681515716,11.3,97625781693.0,81.9,171.55467739255155,12.6,124.59464589506544,27.8,34.0
065130,탑엔지니어링,제조,2.288526582184742,38.5,238432844236.0,95.1,64.1790082961508,46.2,168.31417967431733,45.2,56.9
084870,TBH글로벌,섬유·의류,6.729441915352226,66.7,53312397642.0,33.3,78.66490741294567,47.6,190.3957382856785,57.1,53.6
033340,좋은사람들,제조,-9.26378364244956,20.7,19390495000.0,34.4,66.26861902043161,44.5,171.5213978640719,46.3,29.7
480370,씨케이솔루션,기계·장비,0.7152265394755445,25.9,84959558610.0,48.1,193.0737661744249,22.2,114.61564129876297,33.3,32.7
002920,유성기업,운송장비·부품,-10.789211208642314,4.0,69823111211.0,16.0,47.02622153915451,74.0,239.52077601167224,78.0,21.9
143540,영우디에스피,제조,0.7864225139073729,32.7,16557760580.0,30.1,86.50914701109512,33.4,182.67634028725357,50.5,33.4
321260,프로이천,제조,13.731406713240627,76.3,8964439607.0,18.1,17.19323405590279,84.4,882.0103333521366,93.2,61.2
361570,알비더블유,오락·문화,16.324850296144078,79.4,14707530320.0,17.6,183.5235652261224,5.9,52.79523635995529,2.9,45.9
069460,대호에이엘,금속,2.6243237409525704,30.2,71141058013.0,17.0,89.70328078277734,47.2,132.69188053026778,41.5,29.2
099410,동방선기,제조,33.48714705036573,97.6,11660472169.0,22.7,30.83060633440225,71.0,225.26710842649717,58.2,68.8
022220,티케이지애강,제조,-13.26385302408403,17.8,21648031645.0,38.7,77.21330617160481,37.8,116.750639849431,25.1,27.1
004910,조광페인트,화학,-4.8547506118172645,4.2,59471309195.0,17.7,112.9936514659721,30.2,79.50038877167204,7.3,11.6
290670,대보마그네틱,제조,-89.94526090688537,5.7,2309644585.0,4.9,198.47187193602977,9.1,98.6771035934788,17.5,6.8
004540,깨끗한나라,종이·목재,0.4545473146341237,30.8,136308995577.0,46.2,295.6257930178129,15.4,50.668513273126194,15.4,32.3
129890,앱코,제조,-1.4774664234603516,28.7,20828154340.0,37.7,72.5264934027427,40.4,133.42924700467913,32.9,33.1
072470,우리산업홀딩스,제조,0.8220831410806179,32.9,177262901546.0,92.2,171.22806184798708,13.0,112.96580195398788,23.7,47.6
471820,셀로맥스사이언스,제조,19.29027024301396,86.1,5087241960.0,10.8,7.716641459980375,96.9,598.4135440199543,87.4,64.9
136410,아셈스,제조,18.16492930512891,84.9,12205166113.0,23.7,54.99808847745299,51.1,182.61657162246368,50.4,59.7
114450,그린생명과학,제조,9.477666419357062,64.2,19037023252.0,34.0,32.33976111587916,70.0,290.68085307488656,66.4,56.0
277070,린드먼아시아,금융,-126.43981667099511,2.6,1629321668.0,1.3,13.108154692068275,88.2,473.7025617226358,86.8,19.2
476040,오가노이드사이언스,일반서비스,-728.1876070976714,7.9,597981022.0,5.6,105.10118796845629,33.3,506.9497792885332,83.3,16.3
052790,액토즈소프트,IT 서비스,31.660746128541277,92.1,17131542131.0,38.4,23.97556773304241,75.5,672.0452619737631,87.4,73.6
014910,성문전자,전기전자,5.624079464310808,60.9,17423071086.0,12.5,84.4889774040517,54.7,99.2642439629174,18.8,42.3
004060,SG세계물산,유통,-1.700962006934589,20.8,27283999061.0,24.8,10.112733822110096,94.1,394.5479114239215,87.1,36.1
007680,대원,건설,-0.0431935150705615,15.2,27066449630.0,17.4,90.46184349403065,60.9,648.2734199706969,97.8,28.0
227950,엔투텍,제조,65.75190589798731,99.7,19632374476.0,34.8,16.356830180514297,85.8,234.27261951496837,60.1,75.4
